-8.053893364360255127e-06,-8.083965848005796894e-06,-8.132381554846773814e-06,-8.196683666115206279e-06,-8.273394918794640409e-06,-8.357987787048901031e-06,-8.444858195559435933e-06,-8.527312121776698615e-06,-8.597576661473176746e-06,-8.646849125287327297e-06,-8.665399181639605979e-06,-8.642739516436825952e-06,-8.567879385067776851e-06,-8.429672170726126195e-06,-8.217262058716001487e-06,-7.920625808783529663e-06,-7.531193378900355689e-06,-7.042516478321039644e-06,-6.450938484867951048e-06,-5.756204926970009766e-06,-4.961944019417428419e-06,-4.075944937117746973e-06,-3.110170475514566625e-06,-2.080461826054971633e-06,-1.005925300362150478e-06,9.197001721672026613e-08,1.190515039804879399e-06,2.267002765907156440e-06,3.299970288594977503e-06,4.270321325739655184e-06,5.162228154826671708e-06,5.963744284095330475e-06,6.667098852589209402e-06,7.268682888748165716e-06,7.768769652767663078e-06,8.171032357223956093e-06,8.481931513624674430e-06,8.710042336022643609e-06,8.865382909087376117e-06,8.958789581628986227e-06,9.001370392800337795e-06,9.004052654082568238e-06,8.977228577313088793e-06,8.930493714123695766e-06,8.872466981064866358e-06,8.810677811863411454e-06,8.751504933467492712e-06,8.700151796790221804e-06,8.660645258189224820e-06,8.635846267040896219e-06,2.918608375504289418e-07
-1.612881364984212473e-05,-1.619080633290059142e-05,-1.629072885064991651e-05,-1.642368007365888492e-05,-1.658271502837244669e-05,-1.675877715433299775e-05,-1.694063520286129493e-05,-1.711484360234769898e-05,-1.726574978988232691e-05,-1.737557635977718114e-05,-1.742460926758713428e-05,-1.739152483812544383e-05,-1.725388678276842469e-05,-1.698883848944769508e-05,-1.657400418421506164e-05,-1.598859419328434823e-05,-1.521468426220524040e-05,-1.423860782578522267e-05,-1.305236617103232104e-05,-1.165492953929191350e-05,-1.005327912891257683e-05,-8.263033321445455029e-06,-6.308518059062128390e-06,-4.222184817838890714e-06,-2.043348337492389456e-06,1.836982105455947818e-07,2.412045088368046852e-06,4.594786839479711015e-06,6.687642983166369867e-06,8.651319411687185840e-06,1.045339241695098778e-05,1.206956977991890728e-05,1.348427118578703738e-05,1.469055573141930761e-05,1.568949298806735252e-05,1.648911757835643172e-05,1.710312380850094265e-05,1.754945023423076138e-05,1.784888092897402327e-05,1.802375830168441147e-05,1.809686833695095184e-05,1.809052804771610584e-05,1.802587964717055182e-05,1.792237757781308641e-05,1.779744289251457273e-05,1.766625359125680223e-05,1.754163806630687974e-05,1.743404046765189669e-05,1.735153041321357164e-05,1.729983414083637782e-05,5.872365945518432778e-07
-2.424469969726084485e-05,-2.434232128913013253e-05,-2.449995884915634806e-05,-2.471029829122235570e-05,-2.496295492577020830e-05,-2.524435149200628147e-05,-2.553759691960144466e-05,-2.582239422342602305e-05,-2.607501353088146311e-05,-2.626837367956359694e-05,-2.637228216699453336e-05,-2.635388707173050705e-05,-2.617839399572603797e-05,-2.581009380721419229e-05,-2.521373056661995338e-05,-2.435621142807189044e-05,-2.320862055676849991e-05,-2.174844826107160864e-05,-1.996188870371145901e-05,-1.784600253813156158e-05,-1.541049606956985171e-05,-1.267884984231730343e-05,-9.688550110888854722e-06,-6.490244857493114323e-06,-3.145760869682388220e-06,2.749336314734332140e-07,3.697580879506593213e-06,7.047929803265403064e-06,1.025603204715783319e-05,1.326009318680708513e-05,1.600950894296089728e-05,1.846684640373024810e-05,2.060868568335712898e-05,2.242538539550147157e-05,2.391995014146210304e-05,2.510624638661098328e-05,2.600683361998174068e-05,2.665065895648090406e-05,2.707081855536031738e-05,2.730253216998133089e-05,2.738141927042758131e-05,2.734211430477508737e-05,2.721721888778828662e-05,2.703656110800167246e-05,2.682671576649624777e-05,2.661073214976378027e-05,2.640801548796954462e-05,2.623431228754930162e-05,2.610175638145086692e-05,2.601894043328289085e-05,8.896018628677201419e-07
-3.241954250049204123e-05,-3.255838362721016736e-05,-3.278310492921604675e-05,-3.308404237988631330e-05,-3.344743607522246117e-05,-3.385522945647802219e-05,-3.428485739656898443e-05,-3.470906100671599151e-05,-3.509577818561204765e-05,-3.540817054451417690e-05,-3.560485822657377176e-05,-3.564044238460120509e-05,-3.546639793843635552e-05,-3.503241315123793850e-05,-3.428823346971864982e-05,-3.318603100634770747e-05,-3.168326524972492298e-05,-2.974592508581602257e-05,-2.735195160855720181e-05,-2.449454633344832957e-05,-2.118498799090354559e-05,-1.745453618731218712e-05,-1.335501610594524166e-05,-8.957773097959973937e-06,-4.350862452508685516e-06,3.654213845589743964e-07,5.084312851136524661e-06,9.699055813201015036e-06,1.410938383340884679e-05,1.822728736993036933e-05,2.198148310674868889e-05,2.532022204923588607e-05,2.821233200918073442e-05,3.064662904871812144e-05,3.263000885268195180e-05,3.418462363429257325e-05,3.534456601614647479e-05,3.615243638809936453e-05,3.665608875124158140e-05,3.690575513396146426e-05,3.695165800308243325e-05,3.684214453397830239e-05,3.662232076530463356e-05,3.633312756833976815e-05,3.601078126822489429e-05,3.568649572158664703e-05,3.538640563180378378e-05,3.513161935020854304e-05,3.493834065797355354e-05,3.481801118462403216e-05,1.202335463338825790e-06
-4.066837977091973316e-05,-4.085593591423727856e-05,-4.116032115538380016e-05,-4.156963568353415339e-05,-4.206687307359632940e-05,-4.262960793151974212e-05,-4.322964921031386028e-05,-4.383270576889294998e-05,-4.439812622918608417e-05,-4.487879236389697487e-05,-4.522126285771467264e-05,-4.536627999343739704e-05,-4.524976194786095238e-05,-4.480440279485201072e-05,-4.396198455262548396e-05,-4.265646361172016014e-05,-4.082782141833678560e-05,-3.842656337788724358e-05,-3.541861404780089319e-05,-3.179020416319873607e-05,-2.755220152682227169e-05,-2.274324060809077919e-05,-1.743099806908882934e-05,-1.171108053221855873e-05,-5.703251168676700539e-06,4.549009050995372547e-07,6.616318336876260767e-06,1.263395634579727147e-05,1.837026321393727454e-05,2.370553703154131128e-05,2.854425463522217198e-05,3.281884256356134340e-05,3.649078591401303841e-05,3.954934834971674494e-05,4.200843672121784556e-05,4.390226281132908297e-05,4.528044702422018503e-05,4.620311158639472428e-05,4.673636724130758938e-05,4.694844481428661251e-05,4.690658704492410699e-05,4.667471009014433916e-05,4.631177156066179396e-05,4.587073988907171534e-05,4.539804203186769316e-05,4.493336593278540075e-05,4.450970439630361848e-05,4.415354292960558641e-05,4.388511208454137303e-05,4.371864259611254875e-05,1.528661721273217916e-06
-4.900225752886450147e-05,-4.924794363418573526e-05,-4.964782597606604768e-05,-5.018796052771246150e-05,-5.084832500390484974e-05,-5.160235456505015642e-05,-5.241640483727360244e-05,-5.324919565120384739e-05,-5.405130939025449264e-05,-5.476484214968945418e-05,-5.532333298253534239e-05,-5.565212384125084108e-05,-5.566932591128797301e-05,-5.528757988584171151e-05,-5.441678869259002592e-05,-5.296795942543288185e-05,-5.085820444160544292e-05,-4.801681031898043586e-05,-4.439208634168172012e-05,-3.995846492370065239e-05,-3.472307949467208846e-05,-2.873084894062323449e-05,-2.206702717490833729e-05,-1.485630613023525108e-05,-7.257933051085926554e-06,5.431044998894119652e-07,8.348067984618730113e-06,1.595823506952412027e-05,2.318866646887102635e-05,2.988019425798288733e-05,3.590823508416304214e-05,4.118767023586836218e-05,4.567373900817543611e-05,4.935948428624035468e-05,5.227066180003993963e-05,5.445915415499646799e-05,5.599586015229155106e-05,5.696383339825691634e-05,5.745219722306355546e-05,5.755112356630983153e-05,5.734796634667874799e-05,5.692449844662742344e-05,5.635511452793131280e-05,5.570582002024687847e-05,5.503381749062831842e-05,5.438751339981222560e-05,5.380679135313039718e-05,5.332342541368004956e-05,5.296153441709627971e-05,5.273800308247339962e-05,1.871579132040347682e-06
-5.742715692525274447e-05,-5.774229961919466578e-05,-5.825677345752877038e-05,-5.895489212304758694e-05,-5.981399818216853140e-05,-6.080380037784964315e-05,-6.188558055821458820e-05,-6.301132673861324033e-05,-6.412287464101367493e-05,-6.515117295755946166e-05,-6.601582719909892920e-05,-6.662512119355281292e-05,-6.687675921734817074e-05,-6.665960663861065583e-05,-6.585671928155726294e-05,-6.434992292460696775e-05,-6.202611223747383704e-05,-5.878526140480069221e-05,-5.454986354059047048e-05,-4.927515004755564365e-05,-4.295902587136415322e-05,-3.565027831153410980e-05,-2.745340402475308916e-05,-1.852849582783069361e-05,-9.085144954790289225e-06,6.297562288786005130e-07,1.034924631587480666e-05,1.980638429031271290e-05,2.875433862562502049e-05,3.698361834654257004e-05,4.433426852887983622e-05,5.070196538556055559e-05,5.603812577234946590e-05,6.034507523844628418e-05,6.366783272981511518e-05,6.608416695026556910e-05,6.769436627341451776e-05,6.861178571098607102e-05,6.895481912406645859e-05,6.884057878252974102e-05,6.838028908620521606e-05,6.767622403902037514e-05,6.681992578212768777e-05,6.589141251005513648e-05,6.495909624377609092e-05,6.408016567181784064e-05,6.330123308214417096e-05,6.265908859968600283e-05,6.218144470428111010e-05,6.188758729966384255e-05,2.233772933585883024e-06
-6.594289273172579641e-05,-6.634068235822773382e-05,-6.699204816977373717e-05,-6.788001281842487712e-05,-6.897987244460949486e-05,-7.025828591295093855e-05,-7.167215254972448104e-05,-7.316733154775383659e-05,-7.467728699635814643e-05,-7.612178481744075664e-05,-7.740582291596015537e-05,-7.841904287657466876e-05,-7.903594642758829565e-05,-7.911731303655915272e-05,-7.851326898350528133e-05,-7.706846597123914819e-05,-7.462975191169609387e-05,-7.105651527993179280e-05,-6.623351948321226645e-05,-6.008550148775527143e-05,-5.259212771921428775e-05,-4.380119828705734270e-05,-3.383747847812441228e-05,-2.290448874010288238e-05,-1.127724923231509125e-05,7.145711971045555500e-07,1.271164492156980942e-05,2.435466949252118596e-05,3.531405128688028163e-05,4.531489446753906528e-05,5.415385034614813176e-05,6.170637034337686424e-05,6.792491251446700594e-05,7.283010532818092950e-05,7.649753717309183861e-05,7.904279225789934658e-05,8.060684137018109350e-05,8.134319387703605863e-05,8.140753598887999010e-05,8.095003794331194708e-05,8.011014763574368126e-05,7.901348676181982680e-05,7.777038987256365858e-05,7.647563418653217579e-05,7.520896169428342780e-05,7.403606793619904570e-05,7.300980644338873047e-05,7.217142463050005741e-05,7.155170184993425611e-05,7.117190274555845525e-05,2.617508913114515855e-06
-7.454200052760044345e-05,-7.503738172084397327e-05,-7.585099086189707647e-05,-7.696520366851454097e-05,-7.835413282665640083e-05,-7.998242134756990639e-05,-8.180371645476463161e-05,-8.375886382912852823e-05,-8.577389597724604338e-05,-8.775793957222649284e-05,-8.960123868024491870e-05,-9.117358620674346874e-05,-9.232357344928778745e-05,-9.287919918293048756e-05,-9.265050565885268267e-05,-9.143499319857497070e-05,-8.902655127134267293e-05,-8.522845613704579590e-05,-7.987053923563965357e-05,-7.282986259580202792e-05,-6.405315327514789561e-05,-5.357798781824112382e-05,-4.154860672040034970e-05,-2.822178254782193880e-05,-1.395891093971981904e-05,7.972553157163490833e-07,1.555933914169438728e-05,2.983999405100799460e-05,4.319655876889672355e-05,5.526778930452084290e-05,6.579712348269524044e-05,7.464058782602706141e-05,8.176092641989929355e-05,8.721178229499203932e-05,9.111650736246500182e-05,9.364572051061292608e-05,9.499662236699677516e-05,9.537581407554371164e-05,9.498628302273532222e-05,9.401845035204891340e-05,9.264472898039543278e-05,9.101685275797889284e-05,8.926522330292063550e-05,8.749960497586258858e-05,8.581062399366930996e-05,8.427165875007013810e-05,8.294082545813111760e-05,8.186285813628453524e-05,8.107075355273484071e-05,8.058710248556310587e-05,3.024507014780457683e-06
-8.320864252160808266e-05,-8.381811922763601340e-05,-8.482207656550352567e-05,-8.620312551672952529e-05,-8.793540364925188564e-05,-8.998303432477850220e-05,-9.229813015582816194e-05,-9.481835288398634057e-05,-9.746407493341631119e-05,-1.001352443253704849e-04,-1.027081423339517739e-04,-1.050323500834500967e-04,-1.069284115150563553e-04,-1.081868938348757138e-04,-1.085697860757923322e-04,-1.078154001802211380e-04,-1.056480689003495800e-04,-1.017938480089961191e-04,-9.600296447577569975e-05,-8.807873913322771930e-05,-7.791105663498831824e-05,-6.551026441507920225e-05,-5.103511557454825168e-05,-3.480691631537694702e-05,-1.730255656807013279e-05,8.775055782856561182e-07,1.906414731807056298e-05,3.658828247421258215e-05,5.284956267072489500e-05,6.737128023519343804e-05,7.983238279519967642e-05,9.007444112777449139e-05,9.808749948299983965e-05,1.039821295017311379e-04,1.079555267982550484e-04,1.102580348807631139e-04,1.111642141875966629e-04,1.109503827862943744e-04,1.098788993897059337e-04,1.081884460033375080e-04,1.060891014208469475e-04,1.037609096633290338e-04,1.013547769594981551e-04,9.899475416791565265e-05,9.678100049865314162e-05,9.479293740822933778e-05,9.309227199441686687e-05,9.172569516322621151e-05,9.072714658808903921e-05,9.011959395446953337e-05,3.455795105049373067e-06
-9.191757688737761103e-05,-9.265890627512023614e-05,-9.388358504663408578e-05,-9.557562235284794601e-05,-9.771080443183162391e-05,-1.002548019412325016e-04,-1.031606591225159341e-04,-1.063656304437954510e-04,-1.097873554851758800e-04,-1.133194167836020600e-04,-1.168264215732372525e-04,-1.201389031596214116e-04,-1.230485680663233154e-04,-1.253047334215012841e-04,-1.266132024652889213e-04,-1.266392790862272237e-04,-1.250170320853966760e-04,-1.213671083839333847e-04,-1.153250812387625682e-04,-1.065811438591573491e-04,-9.492958393016973258e-05,-8.032281822947361788e-05,-6.292035129786140678e-05,-4.311930646293607450e-05,-2.155252116817088850e-05,9.550108840145760114e-07,2.346977955324154076e-05,4.505831797202582666e-05,6.489576219681427068e-05,8.234949082985593312e-05,9.702268247754560794e-05,1.087562197190118651e-04,1.175981569215172381e-04,1.237547597359145955e-04,1.275364676853298421e-04,1.293084155095651933e-04,1.294507335889746435e-04,1.283301913105414777e-04,1.262823721736089019e-04,1.236023935345807907e-04,1.205418704534734573e-04,1.173100112618351331e-04,1.140771418084394204e-04,1.109794077981557403e-04,1.081238073449615630e-04,1.055930233140070463e-04,1.034497543590745874e-04,1.017403970770391756e-04,1.004980264030479599e-04,9.974467358897433789e-05,3.911545696643719107e-06
-1.006332517891952440e-04,-1.015250022129909950e-04,-1.030023255244901089e-04,-1.050521062074496104e-04,-1.076538784052135376e-04,-1.107775986661627588e-04,-1.143806200892528123e-04,-1.184037643651322759e-04,-1.227663943514080381e-04,-1.273604272183628729e-04,-1.320433166398579791e-04,-1.366301996061493156e-04,-1.408856843345467026e-04,-1.445161889104178230e-04,-1.471643556686110747e-04,-1.484078606266521147e-04,-1.477658307338690705e-04,-1.447168550222273104e-04,-1.387327996643869261e-04,-1.293316363526334552e-04,-1.161494349717698271e-04,-9.902590761355417256e-05,-7.808966805558951660e-05,-5.382079278693635560e-05,-2.706388372069831218e-05,1.029453423123530623e-06,2.913067585975297018e-05,5.591129127949213094e-05,8.021984547031579989e-05,1.012119892922279212e-04,1.184080006270287790e-04,1.316797220129398843e-04,1.411879998521263068e-04,1.472974248700568978e-04,1.504907874984861031e-04,1.512970837304835909e-04,1.502386839650647274e-04,1.477975132964335367e-04,1.443970330847577999e-04,1.403958128232987669e-04,1.360887049377715969e-04,1.317124080881343319e-04,1.274530974943989211e-04,1.234545944617015988e-04,1.198261618237401321e-04,1.166494441121100167e-04,1.139843507984842534e-04,1.118738463425338070e-04,1.103476970768856269e-04,1.094252597328069208e-04,4.390901583402258583e-06
-1.093091017255030549e-04,-1.103700538304139782e-04,-1.121325025931098470e-04,-1.145880152745547818e-04,-1.177224858884812057e-04,-1.215136431413478091e-04,-1.259275781578398160e-04,-1.309140954569862152e-04,-1.364006626920514164e-04,-1.422847337364800029e-04,-1.484242710959365798e-04,-1.546264374580615759e-04,-1.606347213978741566e-04,-1.661152876443236070e-04,-1.706441888055137187e-04,-1.736983191927743333e-04,-1.746546321293022432e-04,-1.728039895067877245e-04,-1.673875144452164222e-04,-1.576633710950157714e-04,-1.430087758919559599e-04,-1.230537610652931730e-04,-9.782871304278789940e-05,-6.788918352887201788e-05,-3.436694051502315120e-05,1.100510621914732243e-06,3.657648345916459862e-05,7.012434973567983724e-05,1.001067788137357042e-04,1.253922947693248292e-04,1.454257565083030748e-04,1.601773083745585899e-04,1.700175710034963934e-04,1.755701050307526510e-04,1.775776496966406139e-04,1.768001134504746698e-04,1.739477954103381060e-04,1.696450329014776099e-04,1.644163504041178505e-04,1.586872382068069479e-04,1.527931908610651512e-04,1.469924825209008171e-04,1.414797964765243470e-04,1.363990692423917069e-04,1.318547551328391678e-04,1.279212414292287112e-04,1.246504378434034818e-04,1.220777057068414106e-04,1.202263409666083925e-04,1.191108205930684473e-04,4.891800151848619150e-06
-1.178871385719636552e-04,-1.191355168236492290e-04,-1.212148366801580533e-04,-1.241234741595844977e-04,-1.278568063780650466e-04,-1.324045959356499229e-04,-1.377472406055533518e-04,-1.438505785970720010e-04,-1.506588594388759894e-04,-1.580854218353984009e-04,-1.660005894593483263e-04,-1.742163529377002652e-04,-1.824676348476316715e-04,-1.903904648183884487e-04,-1.974984086163665987e-04,-2.031603245202786776e-04,-2.065851665128790211e-04,-2.068231363110727486e-04,-2.027965188317521796e-04,-1.933765235906043448e-04,-1.775213436039071915e-04,-1.544807345385717026e-04,-1.240488623077270428e-04,-8.680954087430083413e-05,-4.427811136899608216e-05,1.167857626202094962e-06,4.662296802086514196e-05,8.918188795882476747e-05,1.264672480122354305e-04,1.569640404742995814e-04,1.800889213108413257e-04,1.960483341375324120e-04,2.055932763302967606e-04,2.097664560979086920e-04,2.096977186562521377e-04,2.064659931610029510e-04,2.010224574395668307e-04,1.941597086424800460e-04,1.865106168729709730e-04,1.785635265661229170e-04,1.706845027047780268e-04,1.631409010951902043e-04,1.561231876490910180e-04,1.497636603658062770e-04,1.441517435521172527e-04,1.393460528133803954e-04,1.353836561552674233e-04,1.322870114434495975e-04,1.300690268448148005e-04,1.287366178218127884e-04,5.410810412385444045e-06
-1.262979402149507228e-04,-1.277504754669020037e-04,-1.301760772549000634e-04,-1.335823242621926544e-04,-1.379776526230849787e-04,-1.433688469851064000e-04,-1.497573113085573114e-04,-1.571336880013061012e-04,-1.654702434903677606e-04,-1.747102679750506911e-04,-1.847535661714784722e-04,-1.954369916808837903e-04,-2.065089973058451076e-04,-2.175975160058690391e-04,-2.281714525820179723e-04,-2.374981100685365828e-04,-2.446025935870397780e-04,-2.482412114155781429e-04,-2.469092394755726359e-04,-2.389127877651521341e-04,-2.225404954844197904e-04,-1.963641789028002134e-04,-1.596646073808499419e-04,-1.129078258475888635e-04,-5.809859578064738989e-05,1.231170282491207690e-06,6.057067585008143670e-05,1.154091990008322167e-04,1.622150515799979272e-04,1.989838483230099448e-04,2.252500757202137091e-04,2.417336557877034896e-04,2.498636297359174002e-04,2.513523895069607987e-04,2.478950388891760972e-04,2.409977087871174959e-04,2.319057025532450956e-04,2.215957445363203951e-04,2.108025931311053799e-04,2.000596518071425921e-04,1.897415578484466878e-04,1.801027052446383140e-04,1.713093765338253010e-04,1.634652016841364134e-04,1.566306266376569080e-04,1.508374152799096552e-04,1.460992265465966525e-04,1.424191817358988108e-04,1.397951626838328889e-04,1.382234062240413649e-04,5.943001126400344783e-06
-1.344611427561787304e-04,-1.361319853315531403e-04,-1.389290659656615737e-04,-1.428717281455900282e-04,-1.479853616009365312e-04,-1.542993306645817561e-04,-1.618437208964685530e-04,-1.706443649743674207e-04,-1.807153765311629318e-04,-1.920481186418346396e-04,-2.045951590521671772e-04,-2.182473392779249542e-04,-2.328016877953869787e-04,-2.479177285948928108e-04,-2.630601670712943724e-04,-2.774276970542127567e-04,-2.898719534896382951e-04,-2.988191178631238558e-04,-3.022211657654342350e-04,-2.975847433257395452e-04,-2.821490958220098169e-04,-2.532959459776462120e-04,-2.092430389451001987e-04,-1.499558395694692951e-04,-7.798724508369797581e-05,1.290128557132098897e-06,8.057781297627405331e-05,1.525774228240692545e-04,2.119165921358077617e-04,2.560428433728743035e-04,2.849913057005890385e-04,3.005450088428111843e-04,3.053231943977690720e-04,3.020877815798387548e-04,2.933335019326020407e-04,2.811099861682962026e-04,2.669929057905735901e-04,2.521327463546226000e-04,2.373332257814900204e-04,2.231323684154485568e-04,2.098737277248818346e-04,1.977637329562189359e-04,1.869154154834507670e-04,1.773805319913982393e-04,1.691725316664714133e-04,1.622826346090797795e-04,1.566908902594773764e-04,1.523736574135237110e-04,1.493085694664164197e-04,1.474777416560804329e-04,6.481862138876343061e-06
-1.422865344082350711e-04,-1.441860610861903644e-04,-1.473735140679634768e-04,-1.518825764458407886e-04,-1.577595810421702073e-04,-1.650623062979934786e-04,-1.738578178543634693e-04,-1.842187582752738331e-04,-1.962171776993495336e-04,-2.099145538627031609e-04,-2.253460266179098826e-04,-2.424960317874310083e-04,-2.612614611994714536e-04,-2.813973068816310718e-04,-3.024388251159524851e-04,-3.235944517097841255e-04,-3.436068240657563777e-04,-3.605886182443389810e-04,-3.718606275745668654e-04,-3.738576571875925486e-04,-3.622257387771786290e-04,-3.322980485483835976e-04,-2.801535636613519675e-04,-2.043165447156406085e-04,-1.076998295222093317e-04,1.344420315452492937e-06,1.103995198991594880e-04,2.070488757743285321e-04,2.829406018268567670e-04,3.351623232804670262e-04,3.651904360278627332e-04,3.769468213050356648e-04,3.750993743601444951e-04,3.640033620972561550e-04,3.472255224348155117e-04,3.274468704184798143e-04,3.065568285375215064e-04,2.858151774159415574e-04,2.660162530411253751e-04,2.476279645653549355e-04,2.308989251118681845e-04,2.159363406257458311e-04,2.027604259748324103e-04,1.913413129891795329e-04,1.816234925207365486e-04,1.735416631319820898e-04,1.670308000162694633e-04,1.620324158072267541e-04,1.584983589686352252e-04,1.563930469483728204e-04,7.019303254631416495e-06
-1.496758270183839979e-04,-1.518094125094213251e-04,-1.553976469531812292e-04,-1.604909290071582597e-04,-1.671603007928169427e-04,-1.754976214837190244e-04,-1.856152683665592039e-04,-1.976448040082362566e-04,-2.117336935198167432e-04,-2.280385994558884258e-04,-2.467129208856864509e-04,-2.678849393218307381e-04,-2.916210235743971462e-04,-3.178656900526301288e-04,-3.463469540480534296e-04,-3.764319275329297901e-04,-4.069159420908164803e-04,-4.357333372766343527e-04,-4.595992910893138828e-04,-4.736468709029672403e-04,-4.712346472878700676e-04,-4.442791785333414373e-04,-3.846595386639956558e-04,-2.872192786708164733e-04,-1.541529583544334198e-04,1.393745366303541372e-06,1.569517999102823351e-04,2.900522723432029555e-04,3.875497860994095781e-04,4.472502867111120481e-04,4.743109407396566696e-04,4.768536143191391338e-04,4.629629257195781722e-04,4.392817348803459455e-04,4.106786806385420967e-04,3.804405934177172103e-04,3.506354762477512706e-04,3.224707125109810366e-04,2.965823230576833478e-04,2.732458971794274067e-04,2.525210585154454360e-04,2.343461888622348473e-04,2.185984561560184178e-04,2.051307130953446915e-04,1.937934720225439281e-04,1.844475061544154906e-04,1.769707164191502763e-04,1.712615986786637443e-04,1.672407837819764190e-04,1.648515639360434090e-04,7.545754637928694030e-06
-1.565251422340203208e-04,-1.588919928689409605e-04,-1.628808313279942496e-04,-1.685606915626564506e-04,-1.760304662753344037e-04,-1.854210043249067646e-04,-1.968975228153148262e-04,-2.106619530075191536e-04,-2.269545104284145104e-04,-2.460532061095906413e-04,-2.682690336311406402e-04,-2.939329129102853481e-04,-3.233677424883168918e-04,-3.568345287904214902e-04,-3.944348066680031586e-04,-4.359418585385449636e-04,-4.805210434792677419e-04,-5.262887713814927253e-04,-5.696630378842831507e-04,-6.045076251925450908e-04,-6.212311804485106011e-04,-6.063693327526941540e-04,-5.438155289607471757e-04,-4.195246213857120945e-04,-2.309992495499665899e-04,1.437819663450794205e-06,2.338866973332562327e-04,4.224476019945755563e-04,5.467980907975194919e-04,6.094360698679114619e-04,6.244074627100863924e-04,6.078198407665660712e-04,5.731388521360352914e-04,5.299574067792922789e-04,4.844135856985364898e-04,4.400915947427700998e-04,3.988776029164422046e-04,3.616092547264419116e-04,3.285167529422329188e-04,2.995025978609997409e-04,2.743104501767700421e-04,2.526228087744676262e-04,2.341149993689264821e-04,2.184832635667029697e-04,2.054579845125544153e-04,1.948087028382490082e-04,1.863448483302938873e-04,1.799144598536750082e-04,1.754021844787525988e-04,1.727272735005479893e-04,8.050388679567134454e-06
-1.627281931894162647e-04,-1.653203627282649009e-04,-1.696972323907062184e-04,-1.759476543512476939e-04,-1.842004355259415152e-04,-1.946288709765082222e-04,-2.074567015080896418e-04,-2.229654797032852229e-04,-2.415031385123798512e-04,-2.634931414590118825e-04,-2.894427560742980025e-04,-3.199473725282845921e-04,-3.556847427417628334e-04,-3.973874150829861257e-04,-4.457716009817350514e-04,-5.013833156319242364e-04,-5.642940674146956943e-04,-6.335357475863510716e-04,-7.061128271217426838e-04,-7.754030772743319283e-04,-8.288658233790552853e-04,-8.454911889909173979e-04,-7.948427315493597489e-04,-6.422845248009109720e-04,-3.675959388299357422e-04,1.476379544603466376e-06,3.705609151892601261e-04,6.452862676618043025e-04,7.979061361208083375e-04,8.486417335154382985e-04,8.321298160006008852e-04,7.788079170628170282e-04,7.096872840404570316e-04,6.373102667883612411e-04,5.683011040388281226e-04,5.056577072729123972e-04,4.503509862779006816e-04,4.023127084563482125e-04,3.610006773136307384e-04,3.257031257116250241e-04,2.956926754305959620e-04,2.702975922506280606e-04,2.489294991679339309e-04,2.310893173761253494e-04,2.163631673347720307e-04,2.044143638867684668e-04,1.949745949435325839e-04,1.878357563549120713e-04,1.828430814339193655e-04,1.798897924159062738e-04,8.521474742652777510e-06
-1.681800717733122343e-04,-1.709817904801024988e-04,-1.757204481221505573e-04,-1.825048931877237064e-04,-1.914943848655869434e-04,-2.029059502092635096e-04,-2.170245593793695537e-04,-2.342166655557655379e-04,-2.549477480738866330e-04,-2.798044873729460709e-04,-3.095219308505467014e-04,-3.450151401461435535e-04,-3.874126297262875645e-04,-4.380839454605580698e-04,-4.986430264031383591e-04,-5.708867279609853781e-04,-6.565831710564945696e-04,-7.569387393864452675e-04,-8.714192442556487062e-04,-9.953628216944248111e-04,-1.115568616337689594e-03,-1.203179847380173376e-03,-1.205048020734706717e-03,-1.041539886959888528e-03,-6.341258444268393565e-04,1.509185882191815820e-06,6.371567884074069016e-04,1.044608668764799436e-03,1.208180271623952168e-03,1.206401815183747936e-03,1.118907427343224757e-03,9.988467583917897546e-04,8.750780443535820588e-04,7.608039222363055520e-04,6.606883985652758223e-04,5.752682082963006538e-04,5.033399703479896764e-04,4.431390872451398781e-04,3.928728266513407518e-04,3.509320684518223155e-04,3.159528992507916554e-04,2.868133946948233943e-04,2.626062178097640122e-04,2.426053982395870445e-04,2.262349540419278859e-04,2.130420594136513373e-04,2.026752848421180253e-04,1.948675725173504118e-04,1.894233467498181547e-04,1.862091575142214525e-04,8.946864981154931400e-06
-1.727814723183288687e-04,-1.757689147784172428e-04,-1.808289412526970516e-04,-1.880893598085002223e-04,-1.977385270297101665e-04,-2.100356953210502664e-04,-2.253257497326319496e-04,-2.440596071070690737e-04,-2.668220674281539901e-04,-2.943695721140333942e-04,-3.276811344110790777e-04,-3.680265644900708195e-04,-4.170566513738997640e-04,-4.769191346754501730e-04,-5.503993531998383273e-04,-6.410685589246824245e-04,-7.533796188805559450e-04,-8.925411892576834774e-04,-1.063744003212927901e-03,-1.269740513163510921e-03,-1.504628064513490945e-03,-1.739818863268753971e-03,-1.896930991979160937e-03,-1.809708313188971435e-03,-1.221496891883924220e-03,1.536028018108565041e-06,1.224581816638523057e-03,1.812831970845970447e-03,1.900119629281977682e-03,1.743099372363820024e-03,1.508028257778537030e-03,1.273289415385753937e-03,1.067472167087493012e-03,8.964810410051079169e-04,7.575658418766920317e-04,6.455385246539181547e-04,5.551936106595299365e-04,4.820819716762460641e-04,4.226367441293756282e-04,3.740777356438683074e-04,3.342632444402256642e-04,3.015495751776396975e-04,2.746752706062577203e-04,2.526711821368466141e-04,2.347925595273039900e-04,2.204685147365243771e-04,2.092647598668970189e-04,2.008563837414161554e-04,1.950082517811809336e-04,1.915612919166165620e-04,9.314592338762037096e-06
-1.764431050947576894e-04,-1.795846953853019875e-04,-1.849119509880173436e-04,-1.925692839534971822e-04,-2.027706976188979365e-04,-2.158129879127067860e-04,-2.320949087258035535e-04,-2.521443750624727687e-04,-2.766568142019086010e-04,-3.065493177841784565e-04,-3.430375740490214549e-04,-3.877460829819633255e-04,-4.428674566513055282e-04,-5.113943632980648933e-04,-5.974582378422122180e-04,-7.068205976065678950e-04,-8.475664036121902285e-04,-1.031010023590756691e-03,-1.272631254713225534e-03,-1.592173336321904033e-03,-2.009896290615525299e-03,-2.529909619313300620e-03,-3.086435598150871068e-03,-3.402518519677046396e-03,-2.733363659933322337e-03,1.556727357528153721e-06,2.736490217456076859e-03,3.405684516884629684e-03,3.089667768181930327e-03,2.533235364083379765e-03,2.013343966151716694e-03,1.595772556675819666e-03,1.276413220881434784e-03,1.035007884791720473e-03,8.518156594873936387e-04,7.113595514979301725e-04,6.023285133371582192e-04,5.166414988466185021e-04,4.485415964036263553e-04,3.939027862793491493e-04,3.497387715057278385e-04,3.138644489958212786e-04,2.846641913135844514e-04,2.609328284112092744e-04,2.417657864742859923e-04,2.264826023048040313e-04,2.145733380042299317e-04,2.056609535575530472e-04,1.994750340914537101e-04,1.958338291758262737e-04,9.613542934011555692e-06
-1.790899903773910241e-04,-1.823472944137914632e-04,-1.878754392995801920e-04,-1.958318077667002511e-04,-2.064505380986732079e-04,-2.200581012767144178e-04,-2.370962010358479161e-04,-2.581548098027164426e-04,-2.840197045245779379e-04,-3.157413166914944513e-04,-3.547356868921205594e-04,-4.029349262349973121e-04,-4.630158456260372903e-04,-5.387550290135117818e-04,-6.355935298372112664e-04,-7.615575152051848838e-04,-9.287961185994514021e-04,-1.156203154557078686e-03,-1.473927196098291995e-03,-1.930973004937470462e-03,-2.606716324943294735e-03,-3.621206440684918322e-03,-5.104625506725780915e-03,-6.926573320355540811e-03,-7.415462599127554261e-03,1.571140505127188725e-06,7.418618151379802877e-03,6.929768820934108231e-03,5.107888039110468001e-03,3.624563774422227651e-03,2.610197208758467842e-03,1.934607479340325759e-03,1.477746932255018242e-03,1.160241827189042313e-03,9.330898219830183367e-04,7.661452330576540987e-04,6.405176720827338195e-04,5.440620512622950777e-04,4.687569708475645275e-04,4.091669927986430789e-04,3.615221532049699496e-04,3.231534605136321793e-04,2.921380652715450596e-04,2.670709355543239008e-04,2.469147796662397604e-04,2.308995786429266645e-04,2.184543577391794586e-04,2.091604491408725886e-04,2.027194896512393902e-04,1.989318692580985357e-04,9.834147556407455597e-06
-1.806652899125966343e-04,-1.839944784167401302e-04,-1.896475392681383726e-04,-1.977901196282225724e-04,-2.086692306511733221e-04,-2.226304032083194087e-04,-2.401430913356711848e-04,-2.618376617824635802e-04,-2.885592417771825572e-04,-3.214468416992925922e-04,-3.620514505205804298e-04,-4.125159600478988352e-04,-4.758562047386706573e-04,-5.564130056167821727e-04,-6.606045365373808959e-04,-7.982293164746205073e-04,-9.848298427135374067e-04,-1.246218100260827310e-03,-1.627696500843318732e-03,-2.214188601896082201e-03,-3.177320079003588364e-03,-4.890888252030455019e-03,-8.203300605317438710e-03,-1.483251143866438915e-02,-2.506476172169101735e-02,1.579161840285780993e-06,2.506793341697656149e-02,1.483572338543911670e-02,8.206580096155777562e-03,4.894263276311785343e-03,3.180819620851879116e-03,2.217842958179091009e-03,1.631537626215779496e-03,1.250279987267888943e-03,9.891489463423920603e-04,8.028450343324808162e-04,6.655597581487523572e-04,5.617547473144631626e-04,4.816363504609750407e-04,4.187921333044738754e-04,3.688880491946329009e-04,3.289162756813688530e-04,2.967434243117274923e-04,2.708298197297898981e-04,2.500499785256450787e-04,2.335750263929336004e-04,2.207942316635183523e-04,2.112620036740405481e-04,2.046620027993446183e-04,2.007831780588583532e-04,9.969024862825650820e-06
-1.811333387148833865e-04,-1.844871299831117822e-04,-1.901829534145965152e-04,-1.983892980656944008e-04,-2.093576086972505574e-04,-2.234399950628282233e-04,-2.411155172170770808e-04,-2.630285757876459725e-04,-2.900450118603328711e-04,-3.233349269199451955e-04,-3.644970140447487388e-04,-4.157493455818497916e-04,-4.802300732743350602e-04,-5.624866842791364542e-04,-6.693026635519140274e-04,-8.111587489467481267e-04,-1.004961831870187713e-03,-1.279502574584834209e-03,-1.687370176573792582e-03,-2.334099599814344096e-03,-3.460617277997280611e-03,-5.720444256191402170e-03,-1.129859121396941356e-02,-2.925797138211323409e-02,-1.049192364137459949e-01,1.580725445329833612e-06,1.049224112670169295e-01,2.926118657995349995e-02,1.130187411354598506e-02,5.723822915373518241e-03,3.464120755037002758e-03,2.337758273279868029e-03,1.691216092592075226e-03,1.283569829496372661e-03,1.009286999790207084e-03,8.157813655439091760e-04,6.742657797062906987e-04,5.678375063107180334e-04,4.860207103361158677e-04,4.220376898488773475e-04,3.713477858549431385e-04,3.308209255127868590e-04,2.982486234705033958e-04,2.720436054852387944e-04,2.510494302995036446e-04,2.344166797584303031e-04,2.215208069356133336e-04,2.119068986854542196e-04,2.052524076062238717e-04,2.013423396162911691e-04,1.001350576089728790e-05
-1.804815917020510124e-04,-1.838115148024835257e-04,-1.894658160941250743e-04,-1.976101523545964142e-04,-2.084915475358426135e-04,-2.224555478845400744e-04,-2.399716246384562580e-04,-2.616701626956259401e-04,-2.883963073960014566e-04,-3.212890861309940400e-04,-3.618995026757427722e-04,-4.123704603099995463e-04,-4.757178005355914424e-04,-5.562823459562052635e-04,-6.604822656064521930e-04,-7.981160664416600894e-04,-9.847262259043650968e-04,-1.246124700912827274e-03,-1.627613866665020542e-03,-2.214117235677342047e-03,-3.177260430530079796e-03,-4.890840710555125620e-03,-8.203265492830421821e-03,-1.483248900418162458e-02,-2.506475213675081470e-02,1.575806322821199368e-06,2.506791711239359996e-02,1.483569420566013299e-02,8.206538196184521086e-03,4.894208889484700023e-03,3.180753054683335690e-03,2.217764589004836764e-03,1.631447892824886350e-03,1.250179383743930429e-03,9.890380143551692066e-04,8.027243551319640860e-04,6.654299445130120068e-04,5.616164356936205297e-04,4.814901935407539524e-04,4.186387931868888225e-04,3.687281913613868305e-04,3.287505638692291357e-04,2.965725163901963835e-04,2.706543646314083472e-04,2.498706142396733571e-04,2.333923789952348986e-04,2.206089153202678353e-04,2.110746215252151431e-04,2.044731486004326779e-04,2.005934384363087380e-04,9.965976674462757650e-06
-1.787212936265153396e-04,-1.819800641434100549e-04,-1.875106856518280916e-04,-1.954705606083248417e-04,-2.060938535637680809e-04,-2.197070670838292437e-04,-2.367519402801263268e-04,-2.578184829618267171e-04,-2.836925094638320091e-04,-3.154244865083980420e-04,-3.544304855030661148e-04,-4.026426416759267338e-04,-4.627377811132231053e-04,-5.384924918882200498e-04,-6.353478185965046824e-04,-7.613299048976687744e-04,-9.285878449361794316e-04,-1.156015397150738332e-03,-1.473761061294815225e-03,-1.930829508740194295e-03,-2.606596376548019414e-03,-3.621110827142733080e-03,-5.104554879228133737e-03,-6.926528182592744248e-03,-7.415443298108866446e-03,1.564420862364829246e-06,7.418585393679292400e-03,6.929710174640115253e-03,5.107803817799802873e-03,3.624454450060561779e-03,2.610063403217310375e-03,1.934449953465192627e-03,1.477566572875148396e-03,1.160039632521019798e-03,9.328668859225380978e-04,7.659027288744370970e-04,6.402568360332143004e-04,5.437841666142751752e-04,4.684633527726222210e-04,4.088589745343638050e-04,3.612010738232702099e-04,3.228206545569695281e-04,2.917948544391077426e-04,2.667186225386471415e-04,2.465546441600589096e-04,2.305328754590102252e-04,2.180823169144766797e-04,2.087842778322105243e-04,2.023403755742125354e-04,1.985509853745618682e-04,9.827998764108038135e-06
-1.758868048625713285e-04,-1.790305877651251977e-04,-1.843615471204037431e-04,-1.920241258120646000e-04,-2.022323682795197251e-04,-2.152831199400245246e-04,-2.315751902154588671e-04,-2.516365529349308752e-04,-2.761626944143099520e-04,-3.060707622099763164e-04,-3.425764938704636570e-04,-3.873044285463448852e-04,-4.424472038562585890e-04,-5.109974966910533177e-04,-5.970867307412068385e-04,-7.064763896681629067e-04,-8.472513763852322632e-04,-1.030725974692582418e-03,-1.272379871346417460e-03,-1.591956168907115131e-03,-2.009714727345915386e-03,-2.529764862435290168e-03,-3.086328642742284037e-03,-3.402450135627142769e-03,-2.733334377731422987e-03,1.546626543835749601e-06,2.736440707080217000e-03,3.405595825528911699e-03,3.089540375277336978e-03,2.533069991016441425e-03,2.013141563097151782e-03,1.595534285640918919e-03,1.276140435572558750e-03,1.034702108009468314e-03,8.514785588215165353e-04,7.109929141242751077e-04,6.019342207169247044e-04,5.162215020948902715e-04,4.480978930328490071e-04,3.934373989384915699e-04,3.492537292324145778e-04,3.133617713822261716e-04,2.841458758627026480e-04,2.604008412334245411e-04,2.412220563495061452e-04,2.259290180167299110e-04,2.140117487437336345e-04,2.050931720940981371e-04,1.989028423267273713e-04,1.952589856234608514e-04,9.604187780466142159e-06
-1.720336506433489698e-04,-1.750240023848471721e-04,-1.800889448015855604e-04,-1.873563294415454003e-04,-1.970145709283060639e-04,-2.093229916721417688e-04,-2.246265554621167462e-04,-2.433762628185544719e-04,-2.661569980799876126e-04,-2.937252830804808201e-04,-3.270602027034754267e-04,-3.674316250590053002e-04,-4.164903785713032578e-04,-4.763842191219573932e-04,-5.498984744729323512e-04,-6.406043546508099346e-04,-7.529546509725771816e-04,-8.921579081800773414e-04,-1.063404711273416899e-03,-1.269447327913758583e-03,-1.504382883386848335e-03,-1.739623330584754921e-03,-1.896786469399643418e-03,-1.809615854618902217e-03,-1.221457223673354589e-03,1.522520891111822650e-06,1.224515097933113680e-03,1.812712353732931145e-03,1.899947770331967406e-03,1.742876259097463076e-03,1.507755190257594781e-03,1.272967982532444142e-03,1.067104218593902670e-03,8.960686558291976710e-04,7.571112944104322132e-04,6.450442496907025751e-04,5.546621682824717618e-04,4.815160131391884972e-04,4.220389797134826634e-04,3.734509053508760796e-04,3.336100922363049916e-04,3.008728273371813911e-04,2.739776185304773886e-04,2.519552698450869179e-04,2.340609758457047173e-04,2.197237900446399623e-04,2.085093671121124705e-04,2.000927432968167775e-04,1.942387396070446685e-04,1.907882503903155001e-04,9.301869863166751444e-06
-1.672354854508840884e-04,-1.700408159040578220e-04,-1.747855791621606139e-04,-1.815786819673304280e-04,-1.905794613914672071e-04,-2.020050386250232116e-04,-2.161404900059027976e-04,-2.333523819769524939e-04,-2.541063086466556877e-04,-2.789890606846415514e-04,-3.087357848134291739e-04,-3.442616246068762060e-04,-3.866951526741867120e-04,-4.374059431373677684e-04,-4.980079278426321164e-04,-5.702979147107053916e-04,-6.560439330469953860e-04,-7.564522281051379825e-04,-8.709884245420907757e-04,-9.949904235912790905e-04,-1.115257088497533227e-03,-1.202931313535661809e-03,-1.204864240683876410e-03,-1.041422223398735455e-03,-6.340752367801323966e-04,1.492239716751296574e-06,6.370722417672579352e-04,1.044456927060653968e-03,1.207962184314239143e-03,1.206118659219894765e-03,1.118560882731628459e-03,9.984388767975867218e-04,8.746112119051947451e-04,7.602808178681637157e-04,6.601119493524886667e-04,5.746415432866512109e-04,5.026663743845272061e-04,4.424219562011355491e-04,3.921156253756166981e-04,3.501382925556462133e-04,3.151260416680080109e-04,2.859569177254359801e-04,2.617235311243205778e-04,2.416998430870976981e-04,2.253097936760200680e-04,2.121004755371411372e-04,2.017203796744210394e-04,1.939023759159966016e-04,1.884508276692268018e-04,1.852322389632342012e-04,8.930556203377393136e-06
-1.615802582263979820e-04,-1.641767215967129736e-04,-1.685608541117880220e-04,-1.748215837492841256e-04,-1.830878189508915481e-04,-1.935329777784840504e-04,-2.063809402001315482e-04,-2.219134078647392845e-04,-2.404784656309361763e-04,-2.624997240856302358e-04,-2.884845848716461074e-04,-3.190285510282478334e-04,-3.548094578874907111e-04,-3.965598999100463252e-04,-4.449960900831839879e-04,-5.006639943431613442e-04,-5.636350159335099842e-04,-6.329408814978523812e-04,-7.055858360124731173e-04,-7.749473632806215193e-04,-8.284844416089130574e-04,-8.451867917762621168e-04,-7.946175184197126068e-04,-6.421401999187406617e-04,-3.675336773948188057e-04,1.455954722569263726e-06,3.704577461134212976e-04,6.451008621467481038e-04,7.976395573722518118e-04,8.482955787319388860e-04,8.317061848456472339e-04,7.783093712212395439e-04,7.091167993774436656e-04,6.366711798592179089e-04,5.675970548445676694e-04,5.048925802176064404e-04,4.495288512604269857e-04,4.014377639282190081e-04,3.600771969660763582e-04,3.247354102317969241e-04,2.946850105028117704e-04,2.692542136885155797e-04,2.478545657610724739e-04,2.299868917328827967e-04,2.152372047121490464e-04,2.032687087267114252e-04,1.938129845896712075e-04,1.866618312082812077e-04,1.816604006234405011e-04,1.787018539103493535e-04,8.501298866620056222e-06
-1.551659156709651541e-04,-1.575377137844228908e-04,-1.615349268928437164e-04,-1.672266858074993327e-04,-1.747120132048346768e-04,-1.841219158030238910e-04,-1.956217898983940787e-04,-2.094137595364862050e-04,-2.257382378622583858e-04,-2.448734287916566393e-04,-2.671305039282632389e-04,-2.928405359513288307e-04,-3.223265405495944012e-04,-3.558495957242235191e-04,-3.935112531373535609e-04,-4.350847491933736502e-04,-4.797353275706665691e-04,-5.255792086436080097e-04,-5.690341217984137487e-04,-6.039635059660536723e-04,-6.207755901745954513e-04,-6.060055152516318974e-04,-5.435461767293063226e-04,-4.193518218954641122e-04,-2.309244428405892585e-04,1.413870542497051852e-06,2.337639219525834006e-04,4.222266236967352551e-04,5.464802133814897905e-04,6.090232503765634353e-04,6.239022714204251613e-04,6.072254099539491252e-04,5.724588155735731675e-04,5.291958322246269851e-04,4.835749028016139185e-04,4.391805208765428049e-04,3.978990693911438250e-04,3.605683357067381457e-04,3.274185991593635096e-04,2.983523769165866927e-04,2.731132948904296332e-04,2.513837746530373429e-04,2.328390318891742283e-04,2.171751755818857347e-04,2.041224437294053193e-04,1.934502289751225670e-04,1.849678192665100127e-04,1.785231258189965363e-04,1.740006891125554854e-04,1.713196804330155052e-04,8.025998282286592980e-06
-1.480959870406109175e-04,-1.502351347659450134e-04,-1.538327932883942978e-04,-1.589394835186282975e-04,-1.656264119518969006e-04,-1.739856379201477855e-04,-1.841297666938401952e-04,-1.961906072171890232e-04,-2.103158786624031258e-04,-2.266624935840127249e-04,-2.453840845025198570e-04,-2.666091369462684612e-04,-2.904041814093202573e-04,-3.167138411776257521e-04,-3.452661720157125438e-04,-3.754282497189338156e-04,-4.059952846116997999e-04,-4.349014037219615849e-04,-4.588614776915942578e-04,-4.730081710630751855e-04,-4.706995585618762093e-04,-4.438516152484085243e-04,-3.843427532521873774e-04,-2.870157945843972505e-04,-1.540645170577635559e-04,1.366221331676117923e-06,1.568082263964953350e-04,2.897934048944209376e-04,3.871772030910060856e-04,4.467663550645735795e-04,4.737187656291882293e-04,4.761569748896201347e-04,4.621661993310537987e-04,4.383898127587174988e-04,4.096968780322824896e-04,3.793745574329552943e-04,3.494910944647280915e-04,3.212540252876682108e-04,2.952994421213420932e-04,2.719029327181334953e-04,2.511240565349385449e-04,2.329010800943998472e-04,2.171110173173863237e-04,2.036065408174829753e-04,1.922379693273631638e-04,1.828658809381991158e-04,1.753679910473676553e-04,1.696426294835124749e-04,1.656102889973073760e-04,1.632141583989381306e-04,7.516729805655741545e-06
-1.404753599395458736e-04,-1.423810112776696256e-04,-1.455788535755448213e-04,-1.501027228532840051e-04,-1.559991579673125519e-04,-1.633261889142946770e-04,-1.721511688564538833e-04,-1.825470524799400161e-04,-1.945862136887076353e-04,-2.083304513507342999e-04,-2.238152085599382380e-04,-2.410251906564915341e-04,-2.598575093217423901e-04,-2.800673112480145041e-04,-3.011899276554232813e-04,-3.224337766030778603e-04,-3.425413742701589447e-04,-3.596251639615718858e-04,-3.710055898903986699e-04,-3.731169905090421339e-04,-3.616048159578496429e-04,-3.318015526962148076e-04,-2.797853905453701918e-04,-2.040797194192978115e-04,-1.075964405332606455e-04,1.313267018538972347e-06,1.102337249772309714e-04,2.067493479622735733e-04,2.825092366896676636e-04,3.346019602352579697e-04,3.645047954504453992e-04,3.761404243104136957e-04,3.741774484730731910e-04,3.629717364823344464e-04,3.460905166190800502e-04,3.262151805102754890e-04,3.052354148332574266e-04,2.844111570115444299e-04,2.645368006557831039e-04,2.460802242745549571e-04,2.292899351094650467e-04,2.142729725244800531e-04,2.010493395416513250e-04,1.895889266212339276e-04,1.798359692196601928e-04,1.717249112415993192e-04,1.651904875602290968e-04,1.601739969013910806e-04,1.566271104877582144e-04,1.545141133945116267e-04,6.985144625628721886e-06
-1.324064940525435921e-04,-1.340839542772506005e-04,-1.368922774237796172e-04,-1.408509969388724737e-04,-1.459857590045389670e-04,-1.523262419115504617e-04,-1.599028913207884046e-04,-1.687419325845395703e-04,-1.788578890372399159e-04,-1.902425332611475594e-04,-2.028488238022890192e-04,-2.165679549349576894e-04,-2.311972502515538975e-04,-2.463964519850900519e-04,-2.616303887393622071e-04,-2.760977661732946179e-04,-2.886501059057603943e-04,-2.977133404582410405e-04,-3.012390542913084487e-04,-2.967333581963354193e-04,-2.814348207240123002e-04,-2.527243543262902743e-04,-2.088187731458606387e-04,-1.496825077293988289e-04,-7.786733925057437444e-05,1.255289344452830552e-06,8.038811252882504740e-05,1.522339493607682663e-04,2.114216115789010683e-04,2.553997455955465783e-04,2.842045260633236856e-04,2.996199283387445192e-04,3.042660225187686189e-04,3.009054265761836305e-04,2.920334334501107926e-04,2.797000953060561467e-04,2.654813674457248088e-04,2.505278883376733413e-04,2.356434086360345223e-04,2.213658792053112626e-04,2.080386903063004191e-04,1.958680364768952643e-04,1.849666620829654422e-04,1.753860039500880095e-04,1.671391775856266647e-04,1.602170736191747629e-04,1.545994327524839685e-04,1.502623403812436908e-04,1.471832041955541050e-04,1.453439712757670160e-04,6.441982814055916061e-06
-1.239862423611894147e-04,-1.254457972482825442e-04,-1.278833475196087068e-04,-1.313067064285660681e-04,-1.357246274466086572e-04,-1.411442847753579199e-04,-1.475675307535507879e-04,-1.549854989195929302e-04,-1.633709710658440848e-04,-1.726677563517818158e-04,-1.827761597102175442e-04,-1.935334927155821661e-04,-2.046885998912232468e-04,-2.158697159113721117e-04,-2.265459346481300297e-04,-2.359846149717155419e-04,-2.432107670207381538e-04,-2.469804396372813834e-04,-2.457884760352030493e-04,-2.379403769555111462e-04,-2.217239985768445359e-04,-1.957102094945859395e-04,-1.591786821416342479e-04,-1.125942365847467340e-04,-5.796030804700470079e-05,1.192587818023109481e-06,6.035508830775845879e-05,1.150179069545837277e-04,1.616507575059335754e-04,1.982505893976345065e-04,2.243531259773488308e-04,2.406794019003048561e-04,2.486594256884220450e-04,2.500063961160671304e-04,2.464160544921809026e-04,2.393949974487219034e-04,2.301888258687977053e-04,2.197744025751307293e-04,2.088864793237177938e-04,1.980583256976953558e-04,1.876643386702204867e-04,1.779585882917077535e-04,1.691069733438803520e-04,1.612127041557747460e-04,1.543357944067391403e-04,1.485075849894907469e-04,1.437413410689928912e-04,1.400398369409574075e-04,1.374006689859382120e-04,1.358198618698367517e-04,5.896717416314342696e-06
-1.153033702440426495e-04,-1.165590521708935478e-04,-1.186508352161341122e-04,-1.215773835346340836e-04,-1.253344648683939178e-04,-1.299123226623561289e-04,-1.352919101028986996e-04,-1.414396764909572586e-04,-1.483005162198242381e-04,-1.557884220391696911e-04,-1.637743540248207379e-04,-1.720708931135945521e-04,-1.804134767770522278e-04,-1.884385448421831708e-04,-1.956599403883552309e-04,-2.014466401890179902e-04,-2.050075354485831475e-04,-2.053925660793201255e-04,-2.015235442611586041e-04,-1.922709907647875138e-04,-1.765921963423830454e-04,-1.537358113371221652e-04,-1.234947117226569725e-04,-8.645126291780447399e-05,-4.411923162701749529e-05,1.125475708711829587e-06,4.637916885574929968e-05,8.873822556468118072e-05,1.258269438281578792e-04,1.561318992631492968e-04,1.790712090412784757e-04,1.948526233453609213e-04,2.042282657230697247e-04,2.082417720182974490e-04,2.080237064311081605e-04,2.046535063415966423e-04,1.990826525228611048e-04,1.921038521166919862e-04,1.843499104322452115e-04,1.763089551748481991e-04,1.683467089464258607e-04,1.607300879896876806e-04,1.536490509295902491e-04,1.472353501173683204e-04,1.415778541617899533e-04,1.367346393783544153e-04,1.327422748448232350e-04,1.296227808024372728e-04,1.273887066455649871e-04,1.260467017979675507e-04,5.357331403344894058e-06
-1.064367921269586669e-04,-1.075051806278243244e-04,-1.092803613657400630e-04,-1.117542537986521665e-04,-1.149132304364510783e-04,-1.187356106507666815e-04,-1.231881702747716998e-04,-1.282214705550352354e-04,-1.337637821565857690e-04,-1.397133791167840498e-04,-1.459290292000780566e-04,-1.522186511246459255e-04,-1.583264045451769544e-04,-1.639190042765290012e-04,-1.685728969359875842e-04,-1.717651820920950301e-04,-1.728728008643797172e-04,-1.711863623267801619e-04,-1.659464800898356567e-04,-1.564105444368140471e-04,-1.419547353569464675e-04,-1.222077978931068818e-04,-9.719860255558545117e-05,-6.748098811690229036e-05,-3.418485299858174502e-05,1.054276197180476632e-06,3.630174861131538373e-05,6.962297335585368625e-05,9.938260403084646366e-05,1.244510435038793505e-04,1.442748767663797754e-04,1.588257814059076695e-04,1.684756870478712476e-04,1.738492174208734146e-04,1.756899175421860332e-04,1.747582430123083112e-04,1.717647896478166755e-04,1.673339576305928576e-04,1.619901241525016329e-04,1.561584513119915673e-04,1.501739577446164434e-04,1.442943294827987895e-04,1.387135858709109739e-04,1.335749595739167098e-04,1.289821954854834655e-04,1.250089977186999142e-04,1.217066476645467391e-04,1.191099580105191953e-04,1.172417764193640205e-04,1.161162482169436194e-04,4.830216097710295770e-06
-9.745448931506862618e-05,-9.835361652462060655e-05,-9.984362739386649986e-05,-1.019118348486867573e-04,-1.045383563965719979e-04,-1.076938707795972597e-04,-1.113365713370823191e-04,-1.154082125922885034e-04,-1.198291528189983487e-04,-1.244923328882960572e-04,-1.292562203297688717e-04,-1.339369148830853867e-04,-1.382998929888390547e-04,-1.420523021151958581e-04,-1.448373314798361835e-04,-1.462329802789979951e-04,-1.457584381723892779e-04,-1.428920661782121480e-04,-1.371051900052114303e-04,-1.279149170556803314e-04,-1.149561295266381556e-04,-9.806704158483634491e-05,-7.737448500446850695e-05,-5.335650886045578863e-05,-2.685549213846572143e-05,9.793187884907413043e-07,2.882181129225521929e-05,5.534592505677666911e-05,7.940257076901810485e-05,1.001496316059161205e-04,1.171094262938728210e-04,1.301555971291079496e-04,1.394505108783354597e-04,1.453599735147172601e-04,1.483676729458001560e-04,1.490031850095313321e-04,1.477891543190722277e-04,1.452074969454759338e-04,1.416814129392811317e-04,1.375689956642810793e-04,1.331644484852814248e-04,1.287036923635193585e-04,1.243720410417936966e-04,1.203124143980894342e-04,1.166331753672108173e-04,1.134151082006460451e-04,1.107173356394186873e-04,1.085821381926049269e-04,1.070387252019742107e-04,1.061060422890208537e-04,4.320171165666363423e-06
-8.841303382527426898e-05,-8.916143803947193232e-05,-9.039836453346302380e-05,-9.210834115434683072e-05,-9.426786200410279233e-05,-9.684347668252368856e-05,-9.978925589776942162e-05,-1.030435989855160088e-04,-1.065253740965601539e-04,-1.101294359342521725e-04,-1.137216623801170145e-04,-1.171338064524197684e-04,-1.201586908023528043e-04,-1.225465906761935737e-04,-1.240040550866617275e-04,-1.241968693338824700e-04,-1.227592721004013010e-04,-1.193117290311353565e-04,-1.134892515576379308e-04,-1.049810738459914725e-04,-9.358012542470296735e-05,-7.923708006558004800e-05,-6.210934540081067962e-05,-4.259164109177734740e-05,-2.131415594834769334e-05,9.009360795947732314e-07,2.312303329680227490e-05,4.442157910745686729e-05,6.397453484735873830e-05,8.115193712103399397e-05,9.555938164729996936e-05,1.070398657668479320e-04,1.156432095342080357e-04,1.215770647788416790e-04,1.251528640293639088e-04,1.267363444354486016e-04,1.267078656173536121e-04,1.254340832448892860e-04,1.232501646419346215e-04,1.204505566015204353e-04,1.172860021531901440e-04,1.139646913429555753e-04,1.106558407079788497e-04,1.074944489470861290e-04,1.045863793841731023e-04,1.020132376587070322e-04,9.983674275626156338e-05,9.810244329965767357e-05,9.684272595083906639e-05,9.607911515295149119e-05,3.830482247537092240e-06
-7.935762097811767434e-05,-7.997356764699336304e-05,-8.098883772773504556e-05,-8.238666707419023166e-05,-8.414204805297565608e-05,-8.622016873831620486e-05,-8.857439004801733167e-05,-9.114377269809806987e-05,-9.385019903389513673e-05,-9.659519141521808686e-05,-9.925661681284422225e-05,-1.016855944754938013e-04,-1.037040952218327332e-04,-1.051039351278143215e-04,-1.056481064597322673e-04,-1.050756130155764984e-04,-1.031111073818260018e-04,-9.948054111331061568e-05,-9.393357309006079587e-05,-8.627246798165839285e-05,-7.638556051700801965e-05,-6.428116932990016186e-05,-5.011557623972443844e-05,-3.420723117155050931e-05,-1.702985948849231566e-05,8.194609552448876844e-07,1.867509926058207384e-05,3.587146292780398274e-05,5.181158918205353708e-05,6.602194404150977039e-05,7.818434456037894921e-05,8.814285035152946354e-05,9.588955691046223417e-05,1.015366137337523483e-04,1.052823067171620303e-04,1.073775885702866638e-04,1.080971729591973440e-04,1.077171160198719989e-04,1.064991524781369126e-04,1.046810400728550509e-04,1.024716999596077737e-04,1.000498539462703080e-04,9.756498935804266493e-05,9.513970615924197344e-05,9.287274046104033011e-05,9.084217207708990423e-05,8.910849469320189032e-05,8.771735352779463154e-05,8.670184237637935313e-05,8.608430758029360288e-05,3.363051960592222829e-06
-7.032250577755814959e-05,-7.082337638877941996e-05,-7.164674804720089500e-05,-7.277574536897766025e-05,-7.418550809145350866e-05,-7.584196273364757126e-05,-7.770026758257723510e-05,-7.970297026655749108e-05,-8.177795119505094695e-05,-8.383627743039587807e-05,-8.577016395531171641e-05,-8.745133519335424694e-05,-8.873019779529671500e-05,-8.943636795245585996e-05,-8.938122322563310431e-05,-8.836323395277484449e-05,-8.617681619438517272e-05,-8.262526088241388660e-05,-7.753784816924482598e-05,-7.079048792563548756e-05,-6.232814249769176411e-05,-5.218602576458238052e-05,-4.050546006481798092e-05,-2.753981440622955620e-05,-1.364669094919257995e-05,7.352242674552728063e-07,1.512276234098461868e-05,2.903278662045368635e-05,4.202670762757081818e-05,5.374708346424369402e-05,6.394076799863426634e-05,7.246672269444951169e-05,7.929007594009219485e-05,8.446626265028438912e-05,8.811982041185910906e-05,9.042196020267619355e-05,9.156991713014591989e-05,9.176982443598021358e-05,9.122376901576635362e-05,9.012091846167722114e-05,8.863216373594120200e-05,8.690753401274559000e-05,8.507562679493788690e-05,8.324438110435215528e-05,8.150264783435349743e-05,7.992214311170771747e-05,7.855948814305137556e-05,7.745813437734802391e-05,7.665004471960690311e-05,7.615705245224883922e-05,2.918562262652223843e-06
-6.133174133094712252e-05,-6.173357733651817876e-05,-6.239239660960099092e-05,-6.329211440131671078e-05,-6.440925429034889552e-05,-6.571201451685025684e-05,-6.715911470338504011e-05,-6.869847517730517635e-05,-7.026581194696064018e-05,-7.178327290969951880e-05,-7.315829627794351048e-05,-7.428293980740860360e-05,-7.503400506714047371e-05,-7.527435507051342175e-05,-7.485587862537273519e-05,-7.362456357456928068e-05,-7.142806670925802570e-05,-6.812596771921643549e-05,-6.360253007814549962e-05,-5.778124954082097114e-05,-5.063978907868477240e-05,-4.222319582608015636e-05,-3.265278157443655700e-05,-2.212799817340714310e-05,-1.091930128953397944e-05,6.485530337136703738e-07,1.222133022918663742e-05,2.344482240031035575e-05,3.399435327342264102e-05,4.359959930312791703e-05,5.206129179097457663e-05,5.925835111638311399e-05,6.514600846677597555e-05,6.974692138622922821e-05,7.313795148274093195e-05,7.543522237251579915e-05,7.677956180582231347e-05,7.732372854690267505e-05,7.722214259034041427e-05,7.662329490992270987e-05,7.566464827585663369e-05,7.446964003322939941e-05,7.314632308901279937e-05,7.178718988118634498e-05,7.046977883190495297e-05,6.925773654474043188e-05,6.820208435341800391e-05,6.734250517194701889e-05,6.670852186469499790e-05,6.632048095160842944e-05,2.496649929496124257e-06
-5.240012819974509029e-05,-5.271730899490146020e-05,-5.323599805667414550e-05,-5.394156658790754961e-05,-5.481281563954643900e-05,-5.582129011266415012e-05,-5.693045341629196488e-05,-5.809477780075009319e-05,-5.925883121366755141e-05,-6.035647460810278061e-05,-6.131032366152560763e-05,-6.203167374911800922e-05,-6.242113189119198255e-05,-6.237023551071142454e-05,-6.176435160004135894e-05,-6.048712264773188759e-05,-5.842663509043861210e-05,-5.548331030489012453e-05,-5.157924388846427642e-05,-4.666835325275119593e-05,-4.074627773697028256e-05,-3.385859559296036745e-05,-2.610570664734069429e-05,-1.764282308764893257e-05,-8.674021018277686297e-06,5.597691690737219283e-07,9.797779394392965718e-06,1.877926322246977180e-05,2.726335493401037778e-05,3.504608531791695951e-05,4.197238988643025356e-05,4.794205518923743987e-05,5.290972502469237348e-05,5.688001368963252783e-05,5.989928354446414326e-05,6.204573773721712036e-05,6.341926329742628501e-05,6.413207985412223153e-05,6.430083329648746734e-05,6.404040783484658611e-05,6.345945549709368708e-05,6.265746617001156211e-05,6.172311051688228554e-05,6.073356065086491559e-05,5.975450700254899086e-05,5.884062574945726786e-05,5.803629591075671137e-05,5.737641004361387123e-05,5.688716260842578107e-05,5.658673349736852593e-05,2.096081270869840329e-06
-4.353429843843255656e-05,-4.377932855108678380e-05,-4.417905823389066259e-05,-4.472078813594527894e-05,-4.538621806794552560e-05,-4.615096030494188618e-05,-4.698397049972987652e-05,-4.784694742741198441e-05,-4.869377314259100767e-05,-4.947008955840721161e-05,-5.011313495285643865e-05,-5.055199201953099880e-05,-5.070842333876313633e-05,-5.049848356569551890e-05,-4.983509051101873717e-05,-4.863169769148980269e-05,-4.680712635318545669e-05,-4.429147572739851454e-05,-4.103283476591739701e-05,-3.700428001144760899e-05,-3.221039688615281310e-05,-2.669236339372177890e-05,-2.053056143550089502e-05,-1.384380612204838198e-05,-6.784650656270095267e-06,4.691887477421656516e-07,7.726544089742010818e-06,1.479626451014314382e-05,2.150068495906823189e-05,2.768733662964167723e-05,3.323752065741895998e-05,3.807100116976852794e-05,4.214677308199020131e-05,4.546044687648415593e-05,4.803915974100443284e-05,4.993504755959458398e-05,5.121823838198554793e-05,5.197012962564700024e-05,5.227746379576127820e-05,5.222747880861240092e-05,5.190421336968614654e-05,5.138590848340979450e-05,5.074336145987742223e-05,5.003904904938178419e-05,4.932682909292298657e-05,4.865204340897215764e-05,4.805186886946330698e-05,4.755579180733541833e-05,4.718610863359164984e-05,4.695838044943931338e-05,1.714916532696049033e-06
-3.473387460848828805e-05,-3.491725465700108461e-05,-3.521575592634428715e-05,-3.561893280488594269e-05,-3.611179796132088754e-05,-3.667449037363169667e-05,-3.728189887990507702e-05,-3.790328472249779573e-05,-3.850196174163723222e-05,-3.903511004416592659e-05,-3.945381695764503711e-05,-3.970345563389637150e-05,-3.972452318992163102e-05,-3.945406166003029074e-05,-3.882776980434175795e-05,-3.778287479565945297e-05,-3.626176354510300941e-05,-3.421627059862336877e-05,-3.161238615611130023e-05,-2.843499667734886681e-05,-2.469212688721426387e-05,-2.041805270180756509e-05,-1.567464274093840690e-05,-1.055039899951947186e-05,-5.156919902774264458e-06,3.771217713750742856e-07,5.913975094972887762e-06,1.131590224396489264e-05,1.645426951964022331e-05,2.121754283832818578e-05,2.551730856850177066e-05,2.929180862721865279e-05,3.250689723617990147e-05,3.515469595610938840e-05,3.725047622543989877e-05,3.882841148510849391e-05,3.993682905660593746e-05,4.063349258333142592e-05,4.098130211877896154e-05,4.104464777485367696e-05,4.088651937353760045e-05,4.056637162301227452e-05,4.013867498453281319e-05,3.965204328861449308e-05,3.914881386678074372e-05,3.866495732643957829e-05,3.823020566077842423e-05,3.786830408087379327e-05,3.759731023255814797e-05,3.742988213366902560e-05,1.350658299607014379e-06
-2.599266037212567005e-05,-2.612281799658473867e-05,-2.633429066839375178e-05,-2.661909922761121185e-05,-2.696583234661887154e-05,-2.735943161910130660e-05,-2.778095540947162455e-05,-2.820735505142502421e-05,-2.861130759156281706e-05,-2.896116065746371466e-05,-2.922105614878907917e-05,-2.935130853520213153e-05,-2.930911798198015624e-05,-2.904969486250234822e-05,-2.852785640680851297e-05,-2.770012422181696477e-05,-2.652730019351269238e-05,-2.497742741337419898e-05,-2.302895624153498098e-05,-2.067384349962325413e-05,-1.792023196278826969e-05,-1.479431023160998095e-05,-1.134096356321845529e-05,-7.622912462759961344e-06,-3.718201459836437128e-06,2.838724044915402062e-07,4.288054068605465403e-06,8.199097933609105632e-06,1.192773515670418529e-05,1.539596756032908216e-05,1.854113813497753433e-05,2.131844076185733863e-05,2.370177953968654076e-05,2.568311517020324002e-05,2.727060144612074603e-05,2.848590106835835120e-05,2.936108047432484146e-05,2.993543622120092948e-05,3.025252459035675766e-05,3.035757390032717100e-05,3.029537242346932242e-05,3.010865387019959314e-05,2.983695112009356293e-05,2.951585681708721487e-05,2.917661360896830320e-05,2.884595315899385695e-05,2.854610756121950092e-05,2.829492602845812190e-05,2.810604111552856220e-05,2.798904056753817203e-05,1.000381423007114907e-06
-1.729983414083637782e-05,-1.738309416624199633e-05,-1.751817704378765434e-05,-1.769970216282966467e-05,-1.791999189784938102e-05,-1.816894470355128702e-05,-1.843389966308505562e-05,-1.869951518589929042e-05,-1.894769120891107812e-05,-1.915757110341121847e-05,-1.930566577833741455e-05,-1.936614700409415005e-05,-1.931135808900585405e-05,-1.911258563097291766e-05,-1.874112383426767160e-05,-1.816964072433142831e-05,-1.737382227996294901e-05,-1.633422655217516895e-05,-1.503822847986283767e-05,-1.348188401367349026e-05,-1.167149950071028823e-05,-9.624671661604794178e-06,-7.370577341482054991e-06,-4.949348883032160746e-06,-2.410470358192633384e-06,1.897396225496964395e-07,2.791354241729327975e-06,5.334452812847913705e-06,7.762734984246422295e-06,1.002674666022665027e-05,1.208639647996609238e-05,1.391255853021864178e-05,1.548769551141125004e-05,1.680556703850390556e-05,1.787018712317111463e-05,1.869425152467484789e-05,1.929726947779943818e-05,1.970361365289315949e-05,1.994065950894672408e-05,2.003713306399212816e-05,2.002173470872727794e-05,1.992206270070266553e-05,1.976382662868517344e-05,1.957031895488032684e-05,1.936210050216911606e-05,1.915685136369950033e-05,1.896933988190114135e-05,1.881146700070630769e-05,1.869234979215045502e-05,1.861841513296271791e-05,6.608445083468224854e-07
-8.641129958912098405e-06,-8.681706873323086400e-06,-8.747480423633756326e-06,-8.835743524520705747e-06,-8.942638587496165689e-06,-9.063098999361566139e-06,-9.190787976633614271e-06,-9.318046202971293603e-06,-9.435862853408020405e-06,-9.533887807150581944e-06,-9.600505659992498270e-06,-9.622993971641725995e-06,-9.587788214050962314e-06,-9.480873145277838275e-06,-9.288313785206893727e-06,-8.996927937014614928e-06,-8.595085877952706658e-06,-8.073601903256744051e-06,-7.426658589592034527e-06,-6.652681228557833816e-06,-5.755061615526715110e-06,-4.742622889974384818e-06,-3.629725693159998679e-06,-2.435943754869066761e-06,-1.185283504851982785e-06,9.501820557964054097e-08,1.376022036594129168e-06,2.628791659903758379e-06,3.826099189536318404e-06,4.943952902828471969e-06,5.962799151373353377e-06,6.868302205186062868e-06,7.651667913553510526e-06,8.309536545406036811e-06,8.843516644367475010e-06,9.259459566538348835e-06,9.566582924335682880e-06,9.776543654626697311e-06,9.902543146765927081e-06,9.958523431802169428e-06,9.958489597874491941e-06,9.915972638967456964e-06,9.843630608409194142e-06,9.752974705906086055e-06,9.654200377864934806e-06,9.556100783126230628e-06,9.466040043156430226e-06,9.389965588050420473e-06,9.332441831256012762e-06,9.296690775387718704e-06,3.285848499403311998e-07
-0.000000000000000000e+00,-0.000000000000000000e+00,-0.000000000000000000e+00,-0.000000000000000000e+00,-0.000000000000000000e+00,-0.000000000000000000e+00,-0.000000000000000000e+00,-0.000000000000000000e+00,-0.000000000000000000e+00,-0.000000000000000000e+00,-0.000000000000000000e+00,-0.000000000000000000e+00,-0.000000000000000000e+00,-0.000000000000000000e+00,-0.000000000000000000e+00,-0.000000000000000000e+00,-0.000000000000000000e+00,-0.000000000000000000e+00,-0.000000000000000000e+00,-0.000000000000000000e+00,-0.000000000000000000e+00,-0.000000000000000000e+00,-0.000000000000000000e+00,-0.000000000000000000e+00,-0.000000000000000000e+00,-0.000000000000000000e+00,-0.000000000000000000e+00,-0.000000000000000000e+00,-0.000000000000000000e+00,-0.000000000000000000e+00,-0.000000000000000000e+00,-0.000000000000000000e+00,-0.000000000000000000e+00,-0.000000000000000000e+00,-0.000000000000000000e+00,-0.000000000000000000e+00,-0.000000000000000000e+00,-0.000000000000000000e+00,-0.000000000000000000e+00,-0.000000000000000000e+00,-0.000000000000000000e+00,-0.000000000000000000e+00,-0.000000000000000000e+00,-0.000000000000000000e+00,-0.000000000000000000e+00,-0.000000000000000000e+00,-0.000000000000000000e+00,-0.000000000000000000e+00,-0.000000000000000000e+00,-0.000000000000000000e+00,-0.000000000000000000e+00
