,0,1,2,3,4,5,6,7,8,9,10,11,12,13,14,15,16,17,18,19,20,21,22,23,24,25,26,27,28,29,30,31,32,33,34,35,36,37,38,39,40,41,42,43,44,45,46,47,48,49,50
0,-0.0,-7.322654271411658e-06,-1.3201283177322253e-05,-1.9113635144248198e-05,-2.5072356445778506e-05,-3.108751278741722e-05,-3.716574939739021e-05,-4.3309426528341084e-05,-4.951573969445352e-05,-5.5775843904220444e-05,-6.207401297724301e-05,-6.838687831304277e-05,-7.468280535126956e-05,-8.092147902938316e-05,-8.705377979979553e-05,-9.302203662178027e-05,-9.876073979865294e-05,-0.00010419778158680306,-0.00010925626379793632,-0.0001138568682822753,-0.00011792072977991884,-0.00012137268590484027,-0.0001241447141310056,-0.00012617931146543276,-0.00012743254086232004,-0.00012787646943314808,-0.00012750076238443155,-0.00012631327138567784,-0.00012433955687517418,-0.00012162139460319133,-0.0001182144189943689,-0.00011418513332080236,-0.00010960755881707796,-0.00010455979914542444,-9.912076774400344e-05,-9.336727328896424e-05,-8.73715944783461e-05,-8.119961053566924e-05,-7.490949654530858e-05,-6.855094789379191e-05,-6.216486734613558e-05,-5.5783430604793505e-05,-4.943043852344073e-05,-4.312186154700919e-05,-3.686647630370527e-05,-3.066646877265229e-05,-2.4517788686982235e-05,-1.8409747772147262e-05,-1.232238434912676e-05,-6.216699496636368e-06,-0.0
1,-0.0,-1.320128317732225e-05,-2.350803531804922e-05,-3.387696679446495e-05,-4.433112907548728e-05,-5.488901689779299e-05,-6.556308896500258e-05,-7.63582366498886e-05,-8.727021532386468e-05,-9.828407071922209e-05,-0.00010937261414896093,-0.00012049502481059306,-0.0001315956833720236,-0.00014260336616546304,-0.0001534309500030515,-0.00016397578907945926,-0.00017412092191473245,-0.00018373724183979388,-0.00019268671410081938,-0.00020082664382463025,-0.00020801489393778297,-0.0002141158289794532,-0.00021900663486586073,-0.00022258355726487112,-0.0002247675361366562,-0.00022550871209060287,-0.00022478935299392717,-0.00022262489352398043,-0.00021906297646780734,-0.00021418059995021745,-0.00020807967182560373,-0.00020088141842323159,-0.00019272016975153204,-0.00018373704354788514,-0.0001740739873566349,-0.00016386853178278145,-0.0001532494828897335,-0.00014233365858389572,-0.00013122366808017883,-0.0001200066535334636,-0.00010875386070792477,-9.752087845677851e-05,-8.63483790796892e-05,-7.526319579123674e-05,-6.427958059353794e-05,-5.340048468626063e-05,-4.261868075556682e-05,-3.191749879506979e-05,-2.1270977347490365e-05,-1.0644108426173195e-05,-0.0
2,-0.0,-1.1790980872836537e-05,-2.06756836171427e-05,-2.9621286551790166e-05,-3.865038044608922e-05,-4.7781629527975195e-05,-5.7028481237696526e-05,-6.639780521371845e-05,-7.588846809428901e-05,-8.548986675177049e-05,-9.518046268567984e-05,-0.00010492638431421457,-0.0001146801909655592,-0.0001243799206087425,-0.00013394856957642788,-0.0001432941719697557,-0.00015231065284319228,-0.00016087961537103319,-0.0001688731808299111,-0.00017615792620700982,-0.0001825998568632025,-0.00018807021739713673,-0.00019245179817115558,-0.00019564526228977997,-0.0001975749281670773,-0.00019819342487738338,-0.00019748470944337495,-0.00019546509632126317,-0.00019218217626745408,-0.00018771175270933008,-0.00018215314980176702,-0.00017562340592797198,-0.00016825093651082098,-0.0001601692302592627,-0.00015151105188281148,-0.00014240349074301934,-0.0001329640489090746,-0.0001232978279759419,-0.00011349576713243972,-0.00010363381162006119,-9.377285009164256e-05,-8.395924632180661e-05,-7.422579852256255e-05,-6.459298250136719e-05,-5.507037190260401e-05,-4.5658191251351326e-05,-3.634909491611432e-05,-2.7130651002366217e-05,-1.7990241891758447e-05,-8.928262137684189e-06,-0.0
3,-0.0,-1.1871073268456252e-05,-2.082309375743805e-05,-2.9845770097402788e-05,-3.8966048855750716e-05,-4.82070303006791e-05,-5.7586655566434594e-05,-6.711628388822021e-05,-7.679915615217392e-05,-8.662875756238546e-05,-9.6587114258917e-05,-0.00010664308675262257,-0.0001167507569211225,-0.00012684804370943924,-0.00013685572251395168,-0.00014667705908480972,-0.00015619829256042564,-0.0001652902033439738,-0.00017381096795336174,-0.0001816104237684747,-0.00018853573570520486,-0.000194438277941966,-0.0001991813348047063,-0.00020264801975780242,-0.00020474865682968096,-0.00020542681382474504,-0.00020466325685633284,-0.0002024773164896503,-0.0001989254834928524,-0.00019409741977635664,-0.00018810989727104647,-0.00018109939729032281,-0.00017321418192314795,-0.00016460659285327643,-0.00015542617741100422,-0.0001458140358689297,-0.0001358985747205246,-0.0001257926718889349,-0.00011559212934733441,-0.00010537521013877926,-9.520302427373929e-05,-8.512053080858767e-05,-7.51579504138309e-05,-6.533242536092279e-05,-5.5649818714668037e-05,-4.6106616561253044e-05,-3.6692003132722306e-05,-2.7390339963063513e-05,-1.8184426366791178e-05,-9.059278266355488e-06,-0.0
4,-0.0,-1.1973877643169025e-05,-2.1012050103328036e-05,-3.013422061935405e-05,-3.9373310306604363e-05,-4.875855111267933e-05,-5.831415748409858e-05,-6.805783435336655e-05,-7.79991021531237e-05,-8.813743593032432e-05,-9.846023927962143e-05,-0.00010894070637019134,-0.00011953566788799584,-0.00013018356908542142,-0.00014080278792522201,-0.0001512905627474042,-0.00016152285172465802,-0.00017135547533004772,-0.00018062687855233524,-0.00018916277069062958,-0.0001967827406214749,-0.00020330870068145602,-0.00020857470132661825,-0.00021243732910610733,-0.0002147856270620416,-0.00021554934645974912,-0.00021470442245621565,-0.0002122748849243495,-0.00020833091894434331,-0.00020298336289895416,-0.00019637543506336483,-0.0001886727975800564,-0.00018005314965318888,-0.00017069641082035876,-0.00016077628108498093,-0.000150453634632436,-0.000139871892698238,-0.00012915427651129675,-0.00011840268168210278,-0.00010769783719520592,-9.710039878543935e-05,-8.665265723012275e-05,-7.638059796915357e-05,-6.62961152023208e-05,-5.639925238159803e-05,-4.668040672438549e-05,-3.7122489688689474e-05,-2.770304342601707e-05,-1.8396145023080806e-05,-9.173213211563024e-06,-0.0
5,-0.0,-1.209339295161171e-05,-2.1231959889515313e-05,-3.0471493743219026e-05,-3.9852566600199183e-05,-4.941234092071323e-05,-5.918324830981087e-05,-6.919143661441934e-05,-7.945494405952596e-05,-8.99815736436308e-05,-0.00010076646480447954,-0.00011178939570081434,-0.00012301190144018418,-0.00013437436324680274,-0.00014579331039918516,-0.0001571592757096368,-0.00016833564438516272,-0.00017915901433528288,-0.0001894416128445699,-0.00019897625258573294,-0.00020754412277275387,-0.0002149253775021808,-0.00022091201555571728,-0.00022532200796826257,-0.00022801314157188171,-0.00022889476479304426,-0.00022793568823321864,-0.00022516696646278714,-0.00022067909413456808,-0.00021461408500625802,-0.00020715370892042585,-0.00019850563529882426,-0.00018888929746810042,-0.00017852300969629518,-0.00016761338029384172,-0.00015634752587121976,-0.00014488812396075542,-0.00013337100755575465,-0.00012190481826449836,-0.00011057217340743834,-9.943183012535905e-05,-8.852140910405859e-05,-7.786034146077829e-05,-6.745280371302928e-05,-5.7290494871867486e-05,-4.735517840655301e-05,-3.762094993697062e-05,-2.8056176645862323e-05,-1.8624943654533776e-05,-9.287610988819208e-06,-0.0
6,-0.0,-1.2221913740923864e-05,-2.1469219752095597e-05,-3.083808942666714e-05,-4.037847333963672e-05,-5.0137372667354344e-05,-6.015756903334285e-05,-7.047604219025984e-05,-8.112200454063944e-05,-9.211449113740163e-05,-0.00010345946450835688,-0.00011514643090881134,-0.00012714462460506384,-0.0001393989053746355,-0.0001518256351217676,-0.00016430895043694806,-0.00017669801736481432,-0.0001888060161700619,-0.00020041171261408412,-0.0002112644652755225,-0.00022109332389024048,-0.0002296204323873961,-0.00023657825065712926,-0.00024172922709979924,-0.00024488567822338264,-0.0002459270434038908,-0.00024481167002384397,-0.00024158099982792805,-0.00023635536509471157,-0.0002293221872097667,-0.00022071870784507017,-0.0002108120983193101,-0.00019987977949178842,-0.0001881921960575685,-0.00017599941303973385,-0.00016352202009229663,-0.00015094612951442154,-0.0001384218126515304,-0.00012606412503210376,-0.00011395586400520213,-0.00010215131192935293,-9.068038019162178e-05,-7.955273948430196e-05,-6.876167299039375e-05,-5.8287508551082884e-05,-4.8100568884194747e-05,-3.816362374480496e-05,-2.8433833016331902e-05,-1.8864140743743314e-05,-9.404064915071365e-06,-0.0
7,-0.0,-1.2349990297063306e-05,-2.170712635886211e-05,-3.120997715365579e-05,-4.091962694460137e-05,-5.0894921822680855e-05,-6.119132269431649e-05,-7.185935732997753e-05,-8.294256215407827e-05,-9.447480449308423e-05,-0.0001064768878866058,-0.00011895237507666013,-0.0001318826259201046,-0.0001452211526202366,-0.00015888755341951207,-0.0001727615041087091,-0.00018667755797086808,-0.00020042180073665894,-0.00021373166714056728,-0.0002263003504941138,-0.00023778709457187338,-0.0002478341129609576,-0.00025608985654855087,-0.0002622369083863516,-0.0002660212083217859,-0.00026727810097479246,-0.0002659504465321056,-0.00026209511608107406,-0.00025587648203240806,-0.0002475482939110022,-0.00023742761852941845,-0.00022586560564132074,-0.00021321958585165327,-0.0001998297985259176,-0.00018600247039567705,-0.00017199952398434348,-0.0001580341704457557,-0.00014427109730208768,-0.00013082981958273312,-0.00011778988791281183,-0.00010519690738152566,-9.306861720830202e-05,-8.140055247646315e-05,-7.017102673925418e-05,-5.934533088971589e-05,-4.8879143887329125e-05,-3.8721204407378255e-05,-2.8815311730083547e-05,-1.910172864394646e-05,-9.51808624078051e-06,-0.0
8,-0.0,-1.2466417375879347e-05,-2.19258340693335e-05,-3.155847891393138e-05,-4.1438307743498686e-05,-5.1638080490889164e-05,-6.222844477271017e-05,-7.327652943803095e-05,-8.48438919358169e-05,-9.69836470530563e-05,-0.0001097365986720113,-0.00012312621195161738,-0.00013715231669136517,-0.00015178354422964307,-0.00016694869364018044,-0.00018252751965134304,-0.00019834184373132904,-0.00021414839133722342,-0.00022963528144200062,-0.0002444244948798034,-0.00025808270015992285,-0.0002701422414378796,-0.000280132656630006,-0.000287620765533363,-0.00029225452520805905,-0.0002938033756999006,-0.0002921868955388724,-0.00028748519384601896,-0.0002799285062236325,-0.00026986852782845015,-0.00025773805730846297,-0.00024400713256853403,-0.00022914293554271534,-0.00021357826881816702,-0.00019769056421199682,-0.00018179105517463108,-0.00016612230813821437,-0.00015086173396912882,-0.00013612875284676112,-0.00012199368639915061,-0.00010848697410765395,-9.560781250676277e-05,-8.333172441527822e-05,-7.161686125751156e-05,-6.0409033216013094e-05,-4.964557063196658e-05,-3.925816963514252e-05,-2.9174888390307772e-05,-1.9321460057079943e-05,-9.622097623409712e-06,-0.0
9,-0.0,-1.2558273282789475e-05,-2.210239882509624e-05,-3.185026787418024e-05,-4.189035693183933e-05,-5.23114050006781e-05,-6.320187767679293e-05,-7.464886496839549e-05,-8.673620340932044e-05,-9.954157170458989e-05,-0.00011313227272050856,-0.000127559396741731,-0.00014285008329326327,-0.00015899769328976698,-0.00017594991200532923,-0.0001935951748877683,-0.0002117483853461325,-0.00023013768845364982,-0.000248395017701281,-0.0002660540593600587,-0.00028255982441585323,-0.0002972936549503893,-0.00030961564221171725,-0.0003189227666913707,-0.0003247159620687998,-0.0003266642365898206,-0.00032465141712977963,-0.00031879333229180024,-0.00030942061884218564,-0.000297031967569142,-0.0002822299925604358,-0.0002656541589173203,-0.00024792263550426957,-0.0002295898709295406,-0.0002111215823907025,-0.00019288518000828698,-0.00017515179958254657,-0.00015810575358947215,-0.0001418577556290924,-0.00012645920095303383,-0.00011191573884295776,-9.81991672746795e-05,-8.52572570637771e-05,-7.30214835757872e-05,-6.14128518077475e-05,-5.034609388725184e-05,-3.973253966874516e-05,-2.948194473210358e-05,-1.950353056463894e-05,-9.706465766461063e-06,-0.0
10,-0.0,-1.261103440882234e-05,-2.2210954091370978e-05,-3.204755197126638e-05,-4.2225283281608115e-05,-5.285082241113343e-05,-6.403310533879152e-05,-7.588276218254314e-05,-8.851067592236743e-05,-0.00010202532708110423,-0.00011652850095950865,-0.00013210885771931563,-0.00014883282211871078,-0.00016673228261538037,-0.00018578876516192274,-0.00020591415547361106,-0.0002269287894233012,-0.00024853890302708797,-0.0002703170393357422,-0.00029169087104003756,-0.0003119475160021652,-0.000330260881813036,-0.0003457476212589388,-0.0003575517836286804,-0.0003649491692109374,-0.00036745199381316585,-0.0003648877148258306,-0.00035742850768066023,-0.00034556177996552737,-0.00033001133618108217,-0.0003116327045078834,-0.00029130877422125514,-0.0002698651370084224,-0.00024801412483965637,-0.00022632745937951665,-0.00020523193089555481,-0.0001850205703411526,-0.00016587223712347544,-0.00014787416342171213,-0.00013104385735155006,-0.00011534837302351478,-0.0001007201271812055,-8.70691877056189e-05,-7.429236733743185e-05,-6.227963114131726e-05,-5.091835890759107e-05,-4.00959607213475e-05,-2.9701269887733776e-05,-1.9625059334138788e-05,-9.75995943949727e-06,-0.0
11,-0.0,-1.2608792374026566e-05,-2.2223069223062646e-05,-3.210852065390596e-05,-4.2386711885268125e-05,-5.318394926228032e-05,-6.463214852097277e-05,-7.686910935898728e-05,-9.00378865544716e-05,-0.00010428482737834114,-0.00011975569712722631,-0.00013658914853754327,-0.00015490663142405303,-0.00017479773724148127,-0.00019630002062108215,-0.0002193726811447025,-0.00024386432651494615,-0.00026947661031956663,-0.0002957280342681509,-0.00032192559204092,-0.0003471556574690148,-0.00037030816229697227,-0.00039014720734628617,-0.0004054338107376211,-0.00041509078647064676,-0.0004183784326269554,-0.0004150324707292985,-0.0004053167976063414,-0.00038997072479746934,-0.00037007103060244877,-0.00034685626354318813,-0.00032156185577753927,-0.0002952973672139046,-0.0002689758669729345,-0.0002432897484107128,-0.00021871983368324042,-0.00019556372232881378,-0.00017397198080510562,-0.00015398449542070524,-0.0001355626982707844,-0.00011861587234664032,-0.00010302131386925889,-8.86389675945797e-05,-7.532149184214844e-05,-6.292075723354844e-05,-5.1291681657657045e-05,-4.0294145379144775e-05,-2.9793566033084273e-05,-1.966056856410896e-05,-9.770068753469805e-06,-0.0
12,-0.0,-1.2534600716340372e-05,-2.210834135486992e-05,-3.1988137010868355e-05,-4.231329831168667e-05,-5.323099972609832e-05,-6.48982658576751e-05,-7.748347419192248e-05,-9.116704340125152e-05,-0.00010614080646994834,-0.0001226053399492875,-0.00014076423136601276,-0.00016081392865322538,-0.00018292747358965539,-0.00020723018003157762,-0.00023376537712631068,-0.00026244903154542935,-0.0002930138749028877,-0.0003249471655354776,-0.0003574318346329839,-0.00038930825827866787,-0.00041908146539791115,-0.00044500193844393583,-0.0004652404006571021,-0.0004781512823892847,-0.00048257631150403456,-0.0004780961866332333,-0.00046512982030591445,-0.00044483508755970014,-0.00041885714447882335,-0.00038902482967901513,-0.0003570871899592409,-0.0003245386850607712,-0.0002925383789330353,-0.00026190272349284056,-0.0002331437777978139,-0.00020652805230781605,-0.00018213873626052204,-0.00015993155766549276,-0.00013978014612020344,-0.00012151027153254864,-0.00010492414381029749,-8.98166522694786e-05,-7.598548279328326e-05,-6.323680956003933e-05,-5.138791651412546e-05,-4.02677662693069e-05,-2.9716246111107864e-05,-1.9582594660572754e-05,-9.723344942951916e-06,-0.0
13,-0.0,-1.2370974448525958e-05,-2.183526663102788e-05,-3.163935305939463e-05,-4.194023222385719e-05,-5.290647309662077e-05,-6.472164118285812e-05,-7.758748361332457e-05,-9.172656868226554e-05,-0.00010738386056213995,-0.0001248263973943315,-0.0001443398036053517,-0.00016621978659136052,-0.00019075605498370394,-0.00021820533196752526,-0.00024874954311480263,-0.00028243529462635515,-0.00031909224193899834,-0.00035823211476063393,-0.00039893849308918206,-0.00043977091411445137,-0.0004787243264607532,-0.0005133000745300052,-0.0005407435819470138,-0.0005584668373426194,-0.0005645884563923115,-0.0005584150685097719,-0.0005406396549188322,-0.0005131432026576933,-0.00047851330994908427,-0.00043950411618460107,-0.00039861380806486993,-0.0003578469278749225,-0.00031864338050042475,-0.00028191896995853464,-0.0002481612823839834,-0.00021753989862796554,-0.00019000735608981796,-0.000165380764634063,-0.0001434023098107445,-0.00012378104255736486,-0.0001062198384615405,-9.043144593534375e-05,-7.614694851048145e-05,-6.311920267523661e-05,-5.112309985531383e-05,-3.9953920785872966e-05,-2.9424613809804126e-05,-1.9362516967961273e-05,-9.605829941474818e-06,-0.0
14,-0.0,-1.2100557592397096e-05,-2.1372422913996247e-05,-3.1014808953410225e-05,-4.12014382893667e-05,-5.2121802615393063e-05,-6.398635075220076e-05,-7.703184767770573e-05,-9.152670224067336e-05,-0.00010777582309940553,-0.00012612418383867456,-0.00014695769595763665,-0.00017069912774189612,-0.0001977955994942914,-0.0002286926158729947,-0.00026378780263213494,-0.0003033559778782336,-0.00034743702912032846,-0.00039568143041286545,-0.0004471585249076638,-0.0005001540706981154,-0.0005520183864969092,-0.0005991691894176629,-0.0006373804299739604,-0.0006624515803131921,-0.0006711942929034304,-0.0006624032642362464,-0.0006372834141782518,-0.0005990226989680137,-0.0005518212397969961,-0.000499904656262846,-0.0004468547700251981,-0.00039532076129768505,-0.0003470163219570924,-0.00030287149988877395,-0.0002632351419524894,-0.00022806659859027746,-0.000197090191648847,-0.00016990731943013183,-0.00014607136385403144,-0.00012513392746915284,-0.00010667076902192731,-9.029426890980663e-05,-7.565746219173619e-05,-6.245310693299937e-05,-5.041004801239601e-05,-3.928827581266438e-05,-2.8873497005663058e-05,-1.897165613138366e-05,-9.403608548470599e-06,-0.0
15,-0.0,-1.1706959998857412e-05,-2.0689971911680996e-05,-3.0069043265621825e-05,-4.003254195815491e-05,-5.078910706505786e-05,-6.257487594413247e-05,-7.566148930810465e-05,-9.036488049548848e-05,-0.00010705463939925304,-0.00012616335383629207,-0.00014819466366063191,-0.00017372765973015607,-0.0002034135151744833,-0.00023795762238898563,-0.00027807687717972245,-0.00032441728949221386,-0.0003774128738274216,-0.0004370656862542517,-0.0005026350206710629,-0.0005722514664155912,-0.0006425316169185783,-0.000708367390032391,-0.0007631736093788111,-0.0007999004764748878,-0.0008128709961841745,-0.0007998557518551349,-0.0007630837881507173,-0.0007082317208314233,-0.0006423489541252446,-0.0005720202475629048,-0.0005023532357725563,-0.0004367308385029105,-0.00037702193087947914,-0.00032396662424676883,-0.00027756219658081854,-0.00023737388229430807,-0.0002027548187344642,-0.00017298713597978612,-0.00014736432211624154,-0.00012523390977976507,-0.00010601530318842716,-8.920310262648548e-05,-7.436265103821543e-05,-6.112191302860983e-05,-4.916205153036922e-05,-3.8207963775656404e-05,-2.8019370215956636e-05,-1.8382661697920335e-05,-9.103493575684851e-06,-0.0
16,-0.0,-1.1175744965022803e-05,-1.9761452760334625e-05,-2.876118836630029e-05,-3.83745970194986e-05,-4.882610094894389e-05,-6.037433564514463e-05,-7.332316668205751e-05,-8.803463227309452e-05,-0.0001049440383679381,-0.00012457714583897616,-0.00014756878592141523,-0.0001746810750138403,-0.00020681728369799216,-0.0002450237738380358,-0.0002904665101861855,-0.00034435977048573514,-0.0004078128133099075,-0.00048154775978606363,-0.0005654368348787034,-0.0006578284153260379,-0.0007547139485008301,-0.0008489765992062384,-0.0009302691442070999,-0.0009863528754907392,-0.0010065223062625701,-0.0009863118883652205,-0.0009301868152924958,-0.0008488522120868088,-0.0007545464106989003,-0.0006576162364932735,-0.0005651780970398921,-0.0004812400789774788,-0.0004074532916925498,-0.0003439449376845347,-0.0002899922521927649,-0.00024448524729718275,-0.0002062088127530099,-0.00017399602708484656,-0.00014679942179857304,-0.00012371443824719973,-0.00010397745164939171,-8.695185397628545e-05,-7.21097795643188e-05,-5.901341579077357e-05,-4.729772424858143e-05,-3.665523197041924e-05,-2.682294779328962e-05,-1.757117029263229e-05,-8.693833520610056e-06,-0.0
17,-0.0,-1.049552399928335e-05,-1.8565792186086893e-05,-2.7058051986002143e-05,-3.617846757902302e-05,-4.616207881367936e-05,-5.7284436038429866e-05,-6.987577406294889e-05,-8.433854520812929e-05,-0.00010116921177362069,-0.00012098517756327777,-0.0001445574616860618,-0.00017284888531648264,-0.00020705559567611004,-0.0002486457054507614,-0.00029938104821074164,-0.0003612941022127993,-0.00043656903751107035,-0.0005272417645528537,-0.0006345934274680745,-0.0007580887502684958,-0.0008937713860001288,-0.0010323084548072448,-0.0011575580654991143,-0.0012476179519961468,-0.0012809360760703487,-0.0012475808505896108,-0.0011574835307627722,-0.0010321958161708046,-0.0008936196206484359,-0.0007578964623567667,-0.0006343588196501861,-0.000526962601097939,-0.00043624259800694246,-0.00036091712451042203,-0.00029894965883349185,-0.000248155335153627,-0.00020650087716625812,-0.0001722235293041127,-0.00014385410638082506,-0.00012019520541290394,-0.00010028252558872287,-8.3343293740861e-05,-6.875801448924762e-05,-5.602771747580652e-05,-4.4746926773765825e-05,-3.458174381120246e-05,-2.5252157111862035e-05,-1.651766931098602e-05,-8.165409407458673e-06,-0.0
18,-0.0,-9.659086695472223e-06,-1.7089401984836394e-05,-2.4937397531448943e-05,-3.340962240933721e-05,-4.274469289203075e-05,-5.322686065978744e-05,-6.520314199749135e-05,-7.910541041724229e-05,-9.547924554007122e-05,-0.00011502178132365105,-0.0001386312135530207,-0.0001674707630450042,-0.0002030491732831171,-0.00024731701419518793,-0.000302770669070452,-0.0003725391610388295,-0.0004603946906392483,-0.0005705635509958341,-0.0007071070214432771,-0.0008724959436456547,-0.001064892247619507,-0.0012738402805970357,-0.0014751864342644398,-0.0016289955886455623,-0.0016886989815241994,-0.001628962518554401,-0.0014751199900275964,-0.0012737398478342363,-0.0010647568889239557,-0.0008723243791256231,-0.0007068976019844542,-0.0005703142234931781,-0.00046010295416678594,-0.0003722020125788575,-0.00030238453699053315,-0.0002468776771185487,-0.00020255166131602997,-0.0001669092374658029,-0.0001379988199829154,-0.00011431047002580708,-9.467955074631636e-05,-7.82061783484051e-05,-6.41911943708391e-05,-5.208657675562255e-05,-4.1457488391610146e-05,-3.1953296816170475e-05,-2.3285313491533844e-05,-1.5209448463144817e-05,-7.512362703132101e-06,-0.0
19,-0.0,-8.664465981982517e-06,-1.53281798369636e-05,-2.2391142015273967e-05,-3.005294758880666e-05,-3.854700408441363e-05,-4.81554575169909e-05,-5.922861536056994e-05,-7.221088494829668e-05,-8.767603407849227e-05,-0.00010637569166286882,-0.00012930651074491493,-0.00015780331486373272,-0.000193667603488105,-0.00023934211421754972,-0.00029814024377335514,-0.0003745278943788899,-0.0004744208993133288,-0.0006053748800945325,-0.0007763532919631516,-0.0009963859690614624,-0.0012708267682840259,-0.0015933130570390738,-0.0019321567276324985,-0.002215407049773378,-0.0023353437011350356,-0.002215378149470275,-0.001932098655627575,-0.0015932252648162763,-0.001270708418615739,-0.0009962359182139192,-0.0007761700651868586,-0.0006051566396609439,-0.00047416540408691706,-0.0003742324495775314,-0.00029780163915024867,-0.0002389565483704591,-0.00019323059133579496,-0.00015730957448511465,-0.0001287498247010794,-0.00010574873654575182,-8.697017025784516e-05,-7.141589619176155e-05,-5.83323850021284e-05,-4.7143563899448436e-05,-3.740221275579705e-05,-2.875457070430215e-05,-2.09142259009669e-05,-1.3642468744670238e-05,-6.733072346540452e-06,-0.0
20,-0.0,-7.515817622564961e-06,-1.3289185154822858e-05,-1.9428108812691812e-05,-2.6117039328314403e-05,-3.3574038803518206e-05,-4.2066164244762105e-05,-5.193000591539193e-05,-6.35999267116058e-05,-7.764775247346811e-05,-9.48395223019365e-05,-0.00011621776324646587,-0.00014322209255798832,-0.00017786739401139335,-0.00022300792592956013,-0.0002827272556006387,-0.0003629045221770753,-0.00047200436922276677,-0.0006220824807091282,-0.0008297895953989958,-0.0011165559570300047,-0.001505670242194437,-0.002010984728348708,-0.0026078425968536984,-0.0031784759172622454,-0.00346179458829215,-0.0031784513139400724,-0.0026077931558423258,-0.0020109099758522696,-0.001505569454717479,-0.0011164281455937949,-0.000829633483763954,-0.0006218964769141751,-0.00047178652950014086,-0.0003626525059895968,-0.00028243827015885783,-0.00022267865805532944,-0.00017749392659160935,-0.00014279980203778914,-0.00011574119359180788,-9.430222954523405e-05,-7.7042112244557e-05,-6.291689491378055e-05,-5.115881974325899e-05,-4.1193966790915794e-05,-3.258540518796414e-05,-2.4993375072273e-05,-1.8146881300529867e-05,-1.1822935382708121e-05,-5.830880426900849e-06,-0.0
21,-0.0,-6.22398435108675e-06,-1.099174092807767e-05,-1.6075925659039814e-05,-2.163734002757925e-05,-2.7867886364183218e-05,-3.5005232810542825e-05,-4.3352813131072e-05,-5.3307994787220206e-05,-6.540276960115515e-05,-8.036381258308412e-05,-9.920287485792878e-05,-0.00012335536246035547,-0.00015489655502319718,-0.0001968845228759108,-0.0002539116737427442,-0.0003330004464927078,-0.00044505985762294514,-0.0006072201510314576,-0.0008464041945743248,-0.0012041472390090695,-0.001740832965893029,-0.0025309628724566463,-0.003622291397536533,-0.004891997587347588,-0.005721570781201929,-0.004891977393140805,-0.003622250815675629,-0.0025309015117425428,-0.0017407502286366288,-0.0012040423075915397,-0.000846276012883044,-0.000607067400166042,-0.0004448809250444897,-0.0003327933875159586,-0.0002536741639283741,-0.000196613799447006,-0.0001545893448783415,-0.00012300779364823509,-9.881036746497464e-05,-7.99209437979424e-05,-6.490310616337675e-05,-5.274388397096517e-05,-4.271512067289336e-05,-3.4283012501348234e-05,-2.7047961014897476e-05,-2.0703766647335738e-05,-1.500930817351434e-05,-9.76834047358645e-06,-4.814558426214285e-06,-0.0
22,-0.0,-4.806625560592511e-06,-8.467728285417933e-06,-1.2381670453235738e-05,-1.66774701012543e-05,-2.1510298877887258e-05,-2.7074100567336338e-05,-3.3619093590289955e-05,-4.147689599273024e-05,-5.109761768577357e-05,-6.310600773371173e-05,-7.838851950141864e-05,-9.823165617436078e-05,-0.00012454745476060984,-0.0001602509116606218,-0.00020990949823766107,-0.00028089290412085287,-0.00038546469394392865,-0.0005446795836198401,-0.0007957588805888628,-0.0012060095429683119,-0.0018979312352481233,-0.0030874679746118157,-0.00510568349658645,-0.008204377767499615,-0.011299681202257411,-0.008204362076132593,-0.005105651964648442,-0.003087420300238128,-0.0018978669568946874,-0.0012059280286136863,-0.0007956593128133054,-0.0005445609400692663,-0.00038532572250650314,-0.0002807320919209601,-0.00020972503327207695,-0.00016004063554660814,-0.00012430880461167422,-9.796159303475925e-05,-7.808344001185774e-05,-6.276163470898453e-05,-5.0708863977776044e-05,-4.103769427402115e-05,-3.3122182360623576e-05,-2.651075352520316e-05,-2.0869980475426834e-05,-1.594739412691653e-05,-1.1546230149049152e-05,-7.507754749684972e-06,-3.6984144344270203e-06,-0.0
23,-0.0,-3.2878267313144675e-06,-5.760901270795488e-06,-8.410956727236153e-06,-1.1328223295770123e-05,-1.4621882462659513e-05,-1.842934931193445e-05,-2.2929310028913115e-05,-2.8360701085169797e-05,-3.505117860696594e-05,-4.346102094225212e-05,-5.4252726558964544e-05,-6.840460006661228e-05,-8.740207050431342e-05,-0.00011357136287922691,-0.00015068446139984313,-0.00020510444932172458,-0.000288060737684343,-0.0004204139465106265,-0.00064321604573287,-0.0010425079392449282,-0.0018107072346464073,-0.0034035426541358695,-0.006927617027534199,-0.014833569109077656,-0.029259037455929816,-0.014833557992992848,-0.006927594693093729,-0.0034035088942629115,-0.0018106617323124753,-0.001042450259557525,-0.0006431456250095375,-0.00042033007798511664,-0.00028796255336023535,-0.00020499089732669944,-0.00015055427798978983,-0.00011342303798160059,-8.723380535709518e-05,-6.821425507867501e-05,-5.403775695702749e-05,-4.32183970338622e-05,-3.4777286515038416e-05,-2.8051218509082647e-05,-2.2579049833909787e-05,-1.8032061362060147e-05,-1.4170000831275134e-05,-1.0812541430126933e-05,-7.820206746444146e-06,-5.081204499483957e-06,-2.501969544988587e-06,-0.0
24,-0.0,-1.6971579677153186e-06,-2.925154825731747e-06,-4.245320555318669e-06,-5.703948892674419e-06,-7.357337908960406e-06,-9.276705717455947e-06,-1.1555154213052383e-05,-1.4317898305896918e-05,-1.7737764379589663e-05,-2.2059368204346624e-05,-2.76379745640749e-05,-3.5003990093680683e-05,-4.497388541100712e-05,-5.88488645389784e-05,-7.878774834047756e-05,-0.0001085462513443422,-0.00015504091039594738,-0.00023192426191557744,-0.00036855345765570736,-0.0006351112354181111,-0.00122250544909416,-0.00273439061908351,-0.007416503154765124,-0.025065811047479118,-0.10492028968516551,-0.02506580455549505,-0.007416490117457736,-0.0027343709282137696,-0.0012224789383603156,-0.0006350776756039889,-0.00036851254995264385,-0.00023187562921982673,-0.00015498408630878514,-0.00010848066650886046,-7.871271363081144e-05,-5.8763550466523796e-05,-4.487729691758863e-05,-3.4894935649292576e-05,-2.751502815738732e-05,-2.192082238079902e-05,-1.7581571906912907e-05,-1.4141599277326614e-05,-1.1355784358604978e-05,-9.050680274692293e-06,-7.100303448780219e-06,-5.4105927714215925e-06,-3.9091238288874305e-06,-2.538069000165914e-06,-1.2491780926674048e-06,-0.0
25,-0.0,-6.822152211151313e-08,-2.1816857270984475e-08,2.1997201590838802e-08,6.358311607725011e-08,1.0320180741680163e-07,1.410364547402114e-07,1.7721000695537e-07,2.1179824442050296e-07,2.4483967614192387e-07,2.763431834402249e-07,3.0629406124892296e-07,3.3465892478826836e-07,3.61389817299905e-07,3.8642775763726017e-07,4.0970589424609363e-07,4.311523773897416e-07,4.5069301976390086e-07,4.682537839244272e-07,4.837631109259194e-07,4.971540870282037e-07,5.083664330989002e-07,5.173482938072155e-07,5.240578001136642e-07,5.284643786220011e-07,5.305497841889828e-07,5.303088379364496e-07,5.277498596988062e-07,5.228947932440359e-07,5.157790316078631e-07,5.064509597287048e-07,4.949712406835532e-07,4.81411880025838e-07,4.65855109565462e-07,4.483921369016243e-07,4.29121810099041e-07,4.08149247630666e-07,3.855844824167745e-07,3.615411652666163e-07,3.3613536764751616e-07,3.0948451668934285e-07,2.817064870940661e-07,2.5291886563522884e-07,2.2323839475515018e-07,1.92780592980649e-07,1.616595420687872e-07,1.299878244981692e-07,9.787659047046787e-08,6.543573117059366e-08,3.277413445368642e-08,-0.0
26,-0.0,1.5631980474702133e-06,2.883818566622355e-06,4.291526603590395e-06,5.833315901717176e-06,7.565988138990079e-06,9.561114231974085e-06,1.1912031714952811e-05,1.47440991256927e-05,1.8230213568834214e-05,2.2615003423712837e-05,2.825369970133984e-05,3.5676638444326596e-05,4.570019089946038e-05,5.9625439917806826e-05,7.961106962463878e-05,0.00010941264795126353,0.00015594656059471227,0.00023286519325884,0.00036952555209131526,0.000636110238766298,0.0012235269845411404,0.002735430204292599,0.007417556222150113,0.025066872967128687,0.1049213557898579,0.025066870167204196,0.00741755057472945,0.0027354216137856595,0.0012235153064144924,0.0006360952780761486,0.0003695070613749657,0.0002328428696457838,0.00015592004195264225,0.00010938150782763452,7.957481067763766e-05,5.958348544722516e-05,4.565187398222108e-05,3.562118804328581e-05,2.819022293858251e-05,2.2542462975912777e-05,1.814739883118665e-05,1.4649589372764935e-05,1.1804148918855353e-05,9.437862419056468e-06,7.424975086110395e-06,5.671651459907836e-06,4.105689793945828e-06,2.669482524120389e-06,1.3149974406972243e-06,-0.0
27,-0.0,3.1612055092573768e-06,5.726376526119751e-06,8.463738685178296e-06,1.1464149889600173e-05,1.4837242197050576e-05,1.8720743988250737e-05,2.3293547126183086e-05,2.8794708487948385e-05,3.555193644142287e-05,4.402550677554259e-05,5.487787130172613e-05,6.908725270737175e-05,8.813897037525994e-05,0.00011435911855945009,0.00015151953564349193,0.00020598314958316082,0.0002889792119219036,0.00042136818400197,0.0006442018826420684,0.001043521068655965,0.0018117432207298712,0.0034045969500542273,0.006928684996624336,0.01483464604878416,0.029260118623905616,0.014834638634739473,0.006928670070487079,0.003404574314303351,0.0018117125754530507,0.0010434820070005842,0.0006441538844193422,0.00042131060713969815,0.0002889112813566821,0.00020590394305620638,0.00015142796570747404,0.00011425390990664301,8.801863134607507e-05,6.895003951447234e-05,5.472174308304408e-05,4.3848069034860705e-05,3.535036969885483e-05,2.85656779760035e-05,2.303308803203142e-05,1.8424114918305732e-05,1.4498737021144143e-05,1.1076854608333536e-05,8.019215010104399e-06,5.214246800661038e-06,2.568603415247937e-06,-0.0
28,-0.0,4.691876782486512e-06,8.444293573762958e-06,1.2445220394419491e-05,1.6824190287056647e-05,2.1736742419814817e-05,2.7377071743585986e-05,3.399555503797629e-05,4.192389391365753e-05,5.1612221055545105e-05,6.368525863631631e-05,7.90293925551236e-05,9.893102564020851e-05,0.00012530206838221448,0.0001610573706099564,0.00021076424276346992,0.0002817922046354287,0.00038640464735706544,0.0005456561147497664,0.000796767748460706,0.0012070463517616014,0.0018989914495855529,0.0030885469388006034,0.005106776457339307,0.008205479899581855,0.011300787636436728,0.008205467928753764,0.00510675236812177,0.0030885104337197355,0.001898942076451555,0.0012069834962059444,0.0007966906234896428,0.0005455637468558582,0.00038629585857158453,0.0002816655897116462,0.00021061814044183967,0.00016088982761556462,0.00012511079442188407,9.871333717378049e-05,7.878214247500608e-05,6.340474814988404e-05,5.129408895454459e-05,4.156297693259448e-05,3.3585711006403856e-05,2.6910954520151177e-05,2.120551386245687e-05,1.6217149331406843e-05,1.1749322044502745e-05,7.643520308076729e-06,3.766410118482839e-06,-0.0
29,-0.0,6.125137880805243e-06,1.098330464220358e-05,1.615416434649214e-05,2.1798890864009363e-05,2.8109648227470736e-05,3.5324276078151974e-05,4.3746305477112245e-05,5.3773139581141474e-05,6.593675439228199e-05,8.096376586289164e-05,9.986582984992574e-05,0.0001240782271171724,0.00015567608773061096,0.0001977173135902649,0.0002547941304357785,0.00033392878685878325,0.00044603010602931427,0.0006082281406728208,0.0008474455747379266,0.0012052174872751792,0.0017419274049964026,0.0025320766914261866,0.0036234196766208437,0.0048931353261315695,0.005722712929230624,0.004893118882298052,0.0036233865935211135,0.0025320265749952863,0.0017418596560073224,0.0012051312912105929,0.0008473398876437613,0.0006081016703999879,0.0004458812880640474,0.0003337557536917538,0.0002545946731105425,0.00019748883368252384,0.00015541553751544763,0.00012378203504711952,9.952980764567246e-05,8.058299244687603e-05,6.550543048510046e-05,5.328440490849271e-05,4.3192008027125245e-05,3.4694679457974954e-05,2.7393058538600305e-05,2.0981178133578087e-05,1.5218144665761198e-05,9.907936668341737e-06,4.884469610036109e-06,-0.0
30,-0.0,7.436261282388969e-06,1.329918152698589e-05,1.9524608063747125e-05,2.629720401301969e-05,3.3835173382644956e-05,4.2405653720453554e-05,5.234526227310154e-05,6.408834199013501e-05,7.820665753301777e-05,9.546615064195637e-05,0.00011690921949284437,0.00014397532546686566,0.0001786791740124266,0.00022387482735108065,0.00028364564378422505,0.0003638705457037687,0.0004730139574432332,0.0006231313467020185,0.0008308732443827356,0.0011176697001308994,0.0015068092153362597,0.002012143915884484,0.0026090168594176417,0.0031796600231874216,0.0034629832478253134,0.0031796392153964972,0.0026089750027857867,0.0020120805243627887,0.0015067235498238745,0.0011175607559992268,0.0008307397340783416,0.0006229716767232867,0.00047282619874166546,0.0003636523962645484,0.00028339438177479685,0.0002235872527680499,0.00017835153617658034,0.00014360323297425465,0.00011648752827448402,9.498882454491483e-05,7.76665942146934e-05,6.347715478122109e-05,5.165300582543955e-05,4.162047744863751e-05,3.294288155527214e-05,2.5280694309470135e-05,1.836315070385719e-05,1.1967487569088662e-05,5.903269710184471e-06,-0.0
31,-0.0,8.606860177290973e-06,1.5359502074071743e-05,2.250907346823712e-05,3.0255217421970375e-05,3.883135887841301e-05,4.8519628874295535e-05,5.967028723169465e-05,7.272766155206071e-05,8.826540899744227e-05,0.00010703501860822684,0.00013003297649690328,0.00015859391493751058,0.00019451912111514676,0.00024025110324718893,0.0002991030160803081,0.0003755405123071838,0.00047547917359610234,0.0006064743735660111,0.0007774893292285482,0.0009975536521189855,0.0012720209979081671,0.0015945285595444824,0.0019333880864525876,0.0022166487411168926,0.0023365901328367498,0.0022166237020371906,0.001933337724406385,0.0015944523021763028,0.0012719179750562983,0.0009974226813656987,0.0007773288957803573,0.0006062826036759431,0.00047525380046773433,0.00037527883309101343,0.00029880183816726846,0.00023990667755768792,0.00019412705944325793,0.00015814908759781724,0.00012952938548195232,0.00010646564012512113,8.762199751533993e-05,7.200050522459525e-05,5.884790157499836e-05,4.7588371624100625e-05,3.7774943654584074e-05,2.9054096679251285e-05,2.113965147230247e-05,1.379312526144497e-05,6.808513732134625e-06,-0.0
32,-0.0,9.625334175377925e-06,1.71443748753465e-05,2.5079509844087204e-05,3.363717931239283e-05,4.305589660378488e-05,5.36198049149218e-05,6.567579886552631e-05,7.965561203032527e-05,9.610466261589343e-05,0.00011571990001810488,0.00013939931199749198,0.00016830588882270976,0.0002039481230236978,0.0002482763163871545,0.0003037865710918035,0.00037360762128023123,0.00046151137643914587,0.0005717238429234755,0.0007083060242568141,0.0008737285040234166,0.0010661529785206273,0.0012751235918619713,0.00147648656882743,0.0016303066635112743,0.0016900150324712887,0.0016302775473801554,0.0014764280130489648,0.0012750349443174957,0.0010660332481309065,0.0008735763447377822,0.0007081197127942304,0.0005715012494251579,0.0004612499269034385,0.00037330425030192944,0.00030343766300006537,0.000247877632343854,0.00020349471097581406,0.00016779197235757795,0.00013881815307575538,0.00011506362918708285,9.536406854455785e-05,7.881987993362926e-05,6.473218443390388e-05,5.2553226504638935e-05,4.1848423355607064e-05,3.226738610100316e-05,2.3521660888427677e-05,1.5367385576832253e-05,7.59144406467391e-06,-0.0
33,-0.0,1.0486791073074513e-05,1.864618239489713e-05,2.72266757010841e-05,3.643418690704096e-05,4.650354426929189e-05,5.7710104081299556e-05,7.038391072134657e-05,8.492721953727589e-05,0.00010183628205206509,0.00012172827265084286,0.00014537395968097062,0.00017373589145403445,0.00020800992124890148,0.00024966384937042253,0.00030045918265781215,0.0003624280636265638,0.0004377543239507567,0.0005284735402140816,0.0006358665348650773,0.0007593977302974937,0.0008951105057896551,0.001033671742947577,0.0011589393539379617,0.0012490109236059938,0.001282334316648928,0.0012489779038628696,0.0011588729548307778,0.0010335712397793778,0.0008949747976865663,0.0007592253230711441,0.0006356555172278289,0.0005282215524862145,0.00043745851810459975,0.000362085053158683,0.00030006498034743177,0.0002492137904459104,0.00020749856881407307,0.00017315692018384692,0.00014472001273332924,0.00012099078539591396,0.00010100526451322191,8.399098726536173e-05,6.932875104975972e-05,5.6519861149546304e-05,4.5159101604960034e-05,3.4912820370737875e-05,2.5501241739068526e-05,1.6684096138623854e-05,8.248734965096317e-06,-0.0
34,-0.0,1.1192525856460207e-05,1.9868511765103663e-05,2.8958265372703646e-05,3.8661068749450416e-05,4.9201041560626216e-05,6.0836552574525726e-05,7.387121752589821e-05,8.866682711609983e-05,0.00010565843116943415,0.00012537151803735345,0.0001484406251135357,0.00017562755132704785,0.0002078352262487571,0.000246109649443489,0.0002916164062533597,0.0003455693837421498,0.0004090774457531448,0.0004828623229156002,0.0005667958629293978,0.0006592260878522686,0.0007561441222706813,0.0008504328489683842,0.0009317448115051061,0.0009878411243388284,0.0010080161841830803,0.000987804391039363,0.0009316709529080761,0.0008503210753901549,0.0007559932347783313,0.0006590344604366504,0.0005665614178114622,0.0004825824981361843,0.0004087491539080893,0.0003451889603790163,0.0002911795460246861,0.00024561132759162545,0.00020726960235060553,0.00017498785141854302,0.00014771899730049655,0.00012455885542875808,0.00010474415437684338,8.763861656985335e-05,7.271468336623327e-05,5.95348267575972e-05,4.773427290750927e-05,3.700579672968283e-05,2.7086642129641727e-05,1.7747333810912293e-05,8.78202639525863e-06,-0.0
35,-0.0,1.1749173265657354e-05,2.08245044669014e-05,3.029617623939414e-05,4.0352107157380906e-05,5.1200564626137346e-05,6.30773634904673e-05,7.625384815144944e-05,9.104566344038877e-05,0.00010782210422523189,0.0001270154462485446,0.00014912899326359615,0.0001747414723304438,0.00020450366444862023,0.00023912054366101248,0.00027930856574711715,0.000325713285613473,0.00037876825613446935,0.0004384750749702683,0.0005040925915947773,0.0005737509761773406,0.0006440664395290447,0.000709930564246293,0.0007647578959033971,0.0008014984235913927,0.0008144750119457346,0.0008014581807021227,0.0007646769895653257,0.0007098081475525584,0.0006439012274692436,0.0005735412275433278,0.0005038360839727436,0.00043816907201000253,0.00037840946601466903,0.0003252978092972299,0.000278831833227278,0.00023857723591012175,0.00020388761818686003,0.00017404556397627806,0.0001483449974984236,0.00012613386346523188,0.00010683194969182046,8.993420924079641e-05,7.500630680690786e-05,6.167649955629296e-05,4.9626217425063944e-05,3.8580604054816664e-05,2.8299611338312297e-05,1.8569852067960776e-05,9.197198566809046e-06,-0.0
36,-0.0,1.2167662753295e-05,2.1534873198885703e-05,3.127332552037244e-05,4.155623717888048e-05,5.2572683641511806e-05,6.453275549434575e-05,7.767289108227777e-05,9.226118217660144e-05,0.0001086022122877802,0.00012704060859541606,0.0001479619060598598,0.00017178846147355108,0.00019896694759715132,0.00022994238776771628,0.0002651118979007938,0.0003047497656140704,0.00034889533734054905,0.00039719854728130456,0.000448728213015052,0.0005017695950957583,0.0005536725565823001,0.0006008544141457909,0.0006390887852427037,0.0006641748867784859,0.000672924201955926,0.0006641313494508039,0.0006390012652605095,0.0006007220150894043,0.0005534939192405539,0.0005015428794943094,0.00044845107364233734,0.0003968681007702991,0.00034850812161808624,0.0003043016892369402,0.00026459817794400567,0.00022935747419652224,0.00019830443151762573,0.00017104096398889317,0.0001471209436284739,0.0001260964297559393,0.00010754359934850072,9.10752099296323e-05,7.634463277628168e-05,6.30449241847918e-05,5.090519466244498e-05,3.968567489369125e-05,2.9172294751845352e-05,1.9171212788958908e-05,9.503495416945918e-06,-0.0
37,-0.0,1.2462097933037497e-05,2.202581480955466e-05,3.193037970967237e-05,4.2332260182744883e-05,5.33995907258075e-05,6.531556587900195e-05,7.828159520812533e-05,9.25199167420243e-05,0.00010827515049957853,0.00012581396069547858,0.000145421557419019,0.00016739318760358723,0.00019201805206134272,0.00021955232159748999,0.00025017733122148825,0.00028393906791201215,0.000320666551433824,0.0003598708737615258,0.00040063499108657,0.00044151784764687066,0.0004805138471041107,0.0005151238534456418,0.0005425928896159588,0.0005603326363485671,0.00056646150443319,0.0005602860282662024,0.0005424992070292506,0.000514982157874032,0.0004803227165874669,0.0004412753592386281,0.0004003386967936723,0.0003595177692787572,0.0003202530368073956,0.0002834608990166935,0.0002496295606343132,0.00021892922708285,0.00019131305042668413,0.0001665987311165268,0.00014452900926526728,0.00012481344506897374,0.00010715537181941591,9.126794116352138e-05,7.688258604296704e-05,6.375246281691303e-05,5.1652720987406834e-05,4.0378868146636866e-05,2.9744060421403753e-05,1.957583632910463e-05,9.71259773086176e-06,-0.0
38,-0.0,1.2648662641877314e-05,2.2327005050432123e-05,3.231267899775795e-05,4.274446680058776e-05,5.376911831384874e-05,6.554330094890408e-05,7.823506696017722e-05,9.202451033817971e-05,0.00010710311453015532,0.00012367106297461825,0.00014193149430208048,0.00016208034550893949,0.0001842900844423993,0.00020868539178801296,0.00023530891223721528,0.00026407588840623606,0.0002947183031916517,0.0003267226591916687,0.00035927114452476627,0.00039120342582638426,0.00042102387752456774,0.0004469824032397511,0.0004672492421243842,0.0004801784516398188,0.00048461151088458575,0.00048012900252504954,0.0004671498598409472,0.00044683211426201856,0.00042082120789406897,0.0003909463843922434,0.0003589571999919731,0.0003263487104309378,0.00029428064209191377,0.00026357015435019373,0.0002347300370418048,0.00020802753366175742,0.0001835465491526534,0.0001612434925003408,0.00014099262493275945,0.0001226202873024346,0.00010592919214900238,9.071465960555208e-05,7.677473557704165e-05,6.391588933260252e-05,5.195564576030299e-05,4.072316947176352e-05,3.0058528897967837e-05,1.9811141023455436e-05,9.837728344182703e-06,-0.0
39,-0.0,1.2744629199173e-05,2.2469807372254072e-05,3.246754623997014e-05,4.2858912445849185e-05,5.37698291366336e-05,6.533190058498849e-05,7.768264223938443e-05,9.0964812786196e-05,0.0001053244209784916,0.00012090682957233059,0.00013785021137668896,0.0001562754526463954,0.00017627149750963286,0.00019787517472309355,0.00022104488947061185,0.0002456284009231147,0.00027132647830825857,0.00029765672481432324,0.00032392524574825516,0.0003492175627536863,0.0003724228182408098,0.0003923044126039792,0.00040762277656658475,0.00041730027064879136,0.00042059688983507766,0.0004172482140002141,0.0004075181647677053,0.0003921462435206031,0.00037220957574380883,0.0003489472009203592,0.00032359516731446836,0.00029726375344766307,0.00027086682414397337,0.00024509761865973043,0.00022043782815418876,0.00019718591814868415,0.0001754932939212351,0.00015540063210113108,0.0001368700887233288,0.00011981159043402074,0.00010410298736729704,8.960468395139017e-05,7.616970502403048e-05,6.365020198295662e-05,5.190130214780762e-05,4.078304531662577e-05,3.0160985827434303e-05,1.9905891142777782e-05,9.892848424098886e-06,-0.0
40,-0.0,1.2767517288998408e-05,2.2485775076685083e-05,3.244208258725297e-05,4.274045440687675e-05,5.348726255233622e-05,6.479121871025642e-05,7.676274636591658e-05,8.951248941476623e-05,0.00010314862025830431,0.00011777252309312061,0.00013347235042864903,0.00015031390749464585,0.00016832835273855476,0.00018749637884385006,0.000207728947570659,0.00022884539777166422,0.0002505509177198402,0.0002724169785637664,0.00029387018695643927,0.00031419663300700086,0.00033256926830369025,0.00034810389430859874,0.00035994384433777216,0.0003673643647505876,0.00036987730058824636,0.00036730993587003437,0.0003598344764808505,0.00034793856248584534,0.000332346422960389,0.00031391418532527313,0.00029352548890059817,0.0002720067973586604,0.00025007140436940074,0.00022829204913855342,0.00020709656144574768,0.00018677900133195037,0.00016751921716577438,0.0001494053638860988,0.00013245578438201742,0.00011663826253006715,0.00010188582798612613,8.810903855220018e-05,7.520507433486423e-05,6.306415356900646e-05,5.1573813059015096e-05,4.0621553009012867e-05,3.0096270192221588e-05,1.9888820921656414e-05,9.891979991348864e-06,-0.0
41,-0.0,1.2734428822694832e-05,2.240548162823553e-05,3.228148039177486e-05,4.2450555488143956e-05,5.300128120806064e-05,6.402204415272478e-05,7.559985365311161e-05,8.781839905778728e-05,0.00010075510334548734,0.00011447688083696789,0.00012903428866338322,0.0001444537855890284,0.00016072790792645336,0.00017780338221104973,0.00019556756648579957,0.00021383418936432922,0.00023233015075671385,0.00025068610103637227,0.0002684344424341155,0.0002850189413903623,0.00029981977706556944,0.0003121960012173394,0.0003215437175005328,0.0003273631797421194,0.000329322940604005,0.0003273066140910651,0.00032143006700085695,0.0003120242230322081,0.0002995882957835675,0.0002847256354938249,0.0002680766260198742,0.0002502605005932988,0.0002318328767664205,0.00021326070246274634,0.00019491263790751543,0.00017706104823831097,0.00015989141808120833,0.00014351554433285872,0.00012798579038432602,0.00011330863785022805,9.9456566406459e-05,8.63778692804232e-05,7.40043834255152e-05,6.225732222667787e-05,5.105149326621014e-05,4.0298206415962664e-05,2.990716015409193e-05,1.9787558289987732e-05,9.848668887095226e-06,-0.0
42,-0.0,1.2661569057784313e-05,2.225768266554176e-05,3.202783287822373e-05,4.2045788113206635e-05,5.238437490602568e-05,6.311439350423594e-05,7.430308210725368e-05,8.601198397328392e-05,9.829403335650491e-05,0.00011118966767217621,0.00012472179320027863,0.00013888948969928677,0.00015366045421729303,0.00016896237965034581,0.00018467376104748382,0.00020061503180055754,0.00021654143313255705,0.00023213954290003279,0.0002470297895080341,0.00026077732815574933,0.0002729130820093321,0.0002829653136462327,0.00029049976362648415,0.00029516355032736157,0.0002967255511747923,0.0002951050822350222,0.000290382301262461,0.0002827878005681988,0.0002726739233143205,0.0002604743781102239,0.00024666033492506674,0.00023170028216988234,0.00021602845081441298,0.00020002376870642048,0.00018399897980380254,0.00016819812582150766,0.0001528000132315835,0.00013792534004505863,0.00012364555665962283,0.00010999205770179202,9.696480300836087e-05,8.453987472084823e-05,7.267577409208643e-05,6.131845513042129e-05,5.0405204059555606e-05,3.986752732418035e-05,2.9633227167495568e-05,1.9627838590749515e-05,9.775586052692324e-06,-0.0
43,-0.0,1.256396221973547e-05,2.2068798486151283e-05,3.171938883969399e-05,4.157693018531412e-05,5.170073442724955e-05,6.214677677422487e-05,7.296596536046865e-05,8.42019983609721e-05,9.58886565597338e-05,0.0001080464036170019,0.00012067821312403539,0.00013376461397803327,0.0001472580558334746,0.0001610768572381402,0.00017509921781028198,0.00018915804683601584,0.00020303765599579391,0.00021647362310107054,0.00022915725758857657,0.00024074595539338355,0.0002508801857114408,0.00025920682686300027,0.000265407126460259,0.0002692259840100229,0.0002704980454628933,0.0002691658457373681,0.00026528631850918484,0.0002590242826796702,0.0002506342960967413,0.00024043455722915245,0.00022877761876415807,0.00021602242362865804,0.00020251096533516796,0.00018855129751284283,0.00017440717552291154,0.00016029358782833922,0.00014637688977807114,0.00013277810948173082,0.00011957811950512152,0.00010682362751329738,9.453323452192792e-05,8.270308045955208e-05,7.131181493150092e-05,6.0324789974537825e-05,4.96974770492049e-05,3.9378173586385285e-05,2.9310096970033568e-05,1.9432976384579673e-05,9.684253747548683e-06,-0.0
44,-0.0,1.2455392774356911e-05,2.186271110497612e-05,3.139018402437279e-05,4.108851990464585e-05,5.100589250230805e-05,6.118614521112217e-05,7.166699660850716e-05,8.247802806304714e-05,9.363828723405208e-05,0.0001051534177515826,0.00011701229566389283,0.00012918322793607388,0.00014160986194305058,0.00015420707659124155,0.00016685727612239087,0.00017940767609908766,0.00019166933143812803,0.00020341876381456956,0.00021440303741735724,0.0002243489360609009,0.00023297645197265199,0.0002400160957188969,0.00024522865385784884,0.00024842514472153134,0.0002494841347676735,0.0002483635658688451,0.0002451049609349284,0.0002398292148579576,0.00023272476379098122,0.0002240302653694327,0.00021401463952081413,0.00020295730744901875,0.00019113087844251726,0.00017878765800421868,0.00016615046798379332,0.00015340756862237476,0.0001407110298699565,0.00012817770356681471,0.0001158919400532179,0.00010390930069059188,9.226067877736877e-05,8.095641053128678e-05,6.9990108744838e-05,5.934207264899079e-05,4.898221648477371e-05,3.8872519785094445e-05,2.896904021908338e-05,1.9223551200844816e-05,9.584876781083902e-06,-0.0
45,-0.0,1.2348687616723032e-05,2.1660899837971116e-05,3.1069964603212725e-05,4.061871541991684e-05,5.034672729612126e-05,6.0288260354813734e-05,7.04706121023992e-05,8.091238683715141e-05,9.16214756832698e-05,0.00010259269897615363,0.00011380514610323956,0.0001252193108305573,0.000136774189393972,0.000148384592719921,0.000159939020514307,0.00017129854197287436,0.00018229720433466116,0.00019274451563747836,0.0002024304842741133,0.00021113350883262465,0.0002186310759927562,0.00022471275468663736,0.00022919443539104272,0.0002319322746185704,0.00023283452289431358,0.00023186948185008815,0.0002290683119351648,0.0002245222215401158,0.00021837450674642067,0.00021080872021571914,0.0002020347236072532,0.00019227444527086975,0.00018174888320361725,0.00017066740449206132,0.0001592198531757032,0.00014757150899058496,0.0001358606038846024,0.0001241979143203087,0.00011266788402376345,0.00010133075765397784,9.022528346376977e-05,7.937164184326258e-05,6.877435565752892e-05,5.842502545511009e-05,4.8304802793632545e-05,3.838656752623393e-05,2.863681189096545e-05,1.90172587048644e-05,9.486256107055035e-06,-0.0
46,-0.0,1.2256721000505016e-05,2.1482985891190838e-05,3.0784261249490135e-05,4.0199262489380376e-05,4.976162454785858e-05,5.949826425007102e-05,6.942836041572132e-05,7.956209640731661e-05,8.989904265738018e-05,0.00010042624556246487,0.00011111613167723755,0.0001219243611870377,0.00013278780208025512,0.00014362284723254734,0.00015432435308698807,0.00016476552854696004,0.00017479912954227985,0.00018426029820886375,0.0001929713044423561,0.0002007482850636939,0.00020740982832979037,0.00021278693790507692,0.0002167335786561681,0.00021913673198990802,0.00021992475827606084,0.0002190729490383097,0.00021660547298389638,0.00021259342702727022,0.00020714928116594253,0.0002004185131544309,0.0001925695503145273,0.0001837832209721493,0.00017424278784734782,0.00016412536110625768,0.0001535951570694803,0.00014279875501950603,0.00013186225715888068,0.000120890094453503,0.00010996514029654558,9.914977813312969e-05,8.848759742975207e-05,7.800544502101147e-05,6.771562053769199e-05,5.761806494184017e-05,4.770244427200166e-05,3.795007403917304e-05,2.833566306270326e-05,1.8828879920639688e-05,9.395762195431592e-06,-0.0
47,-0.0,1.2195404337855474e-05,2.1347703408076456e-05,3.055425736221135e-05,3.985528017400759e-05,4.9280602027820034e-05,5.8851286456444404e-05,6.858008502888169e-05,7.847076221987623e-05,8.851679460694425e-05,9.869977132398249e-05,0.00010898769599415302,0.00011933334813901827,0.00012967286760288705,0.0001399247519569299,0.0001499894872841678,0.00015975005403466604,0.00016907354896195478,0.0001778141285348825,0.0001858173973149805,0.00019292623049451454,0.00019898783700454537,0.00020386165666826366,0.000207427476381777,0.00020959299359890664,0.00021030000015303247,0.00020952844150557912,0.00020729783121724532,0.0002036658336979067,0.00019872420219391507,0.00019259259223267024,0.00018541099545353357,0.00017733162081486395,0.00016851099492936258,0.00015910289658274977,0.000149252532010592,0.00013909214459589394,0.00012873806990585973,0.00011828911277836176,0.00010782604145755166,9.741195860451377e-05,8.709330937019521e-05,7.690131047853884e-05,6.685362063676436e-05,5.695611327673321e-05,4.7204652052514715e-05,3.758680445536368e-05,2.808345793398136e-05,1.8670325805302075e-05,9.319347489378287e-06,-0.0
48,-0.0,1.2193048275510898e-05,2.12733903688966e-05,3.0395437140192923e-05,3.960445206560462e-05,4.892526735464697e-05,5.837301772264774e-05,6.795503545590753e-05,7.767024321195082e-05,8.75078262228056e-05,9.74457221775933e-05,0.00010744913667104207,0.00011746921945720776,0.00012744203783919802,0.00013728800332553706,0.0001469119262963905,0.00015620387996580887,0.00016504104056907012,0.00017329062767021224,0.00018081399135747183,0.00018747178122463867,0.00019312999223110086,0.0001976665309719387,0.00020097780794572304,0.00020298476817339435,0.000203637753681943,0.0002029196657173775,0.0002008470613286944,0.000197469054122521,0.00019286414940267448,0.00018713537906679597,0.0001804042684090018,0.0001728042413266281,0.00016447405158524807,0.00015555173455265593,0.0001461694358508649,0.0001364493217811527,0.00012650063651596546,0.00011641785909061064,0.00010627983596218027,9.614972168727525e-05,8.60755457613076e-05,7.609123042027853e-05,6.621790464650435e-05,5.646538719779364e-05,4.683374120850487e-05,3.731483141388323e-05,2.789384034123319e-05,1.8550720969280137e-05,9.261580176663297e-06,-0.0
49,-0.0,1.2322384349126761e-05,2.1270977347490368e-05,3.0312626240885216e-05,3.945540371428155e-05,4.870877126396601e-05,5.8080347368815325e-05,6.757291200770933e-05,7.71820760127618e-05,8.689437206478928e-05,9.668560657740072e-05,0.00010651943139892807,0.00011634617514150972,0.00012610202605950086,0.000135708692109471,0.0001450736821908845,0.00015409135380739132,0.00016264485248351676,0.00017060902311837728,0.00017785430094666157,0.0001842514918630475,0.0001896772363293697,0.000194019832336634,0.0001971849910790547,0.000199101036836118,0.00019972306007922066,0.00019903560110494736,0.00019705357755510014,0.0001938213543042863,0.00018941005724702344,0.00018391341763594456,0.0001774425696779348,0.00017012029237449962,0.00016207518410110258,0.00015343619623587581,0.00014432785029019028,0.00013486634416791499,0.00012515663750123135,0.00011529050783881035,0.0001053454964777759,9.538461669603257e-05,8.545667555611951e-05,7.559705840604487e-05,6.582883696536998e-05,5.616408202146518e-05,4.660528576452518e-05,3.714682331660078e-05,2.777640584388549e-05,1.8476497511298693e-05,9.22568487460534e-06,-0.0
50,-0.0,6.216699496636368e-06,1.0644108426173196e-05,1.5144961634320558e-05,1.9703386692528686e-05,2.431817484588358e-05,2.8990997681347895e-05,3.3722239760954946e-05,3.850908392212841e-05,4.334433738436468e-05,4.821554968858947e-05,5.3104296823861936e-05,5.798561844205929e-05,6.282764176681387e-05,6.759144838353412e-05,7.223125031528446e-05,7.669494195921895e-05,8.092508383589449e-05,8.48603513666776e-05,8.843744653902661e-05,9.159342371321806e-05,9.426832696592745e-05,9.640798213943235e-05,9.796674140035448e-05,9.890995168442096e-05,9.921591949302189e-05,9.887717754996725e-05,9.790092205232465e-05,9.63085741347193e-05,9.41345119338418e-05,9.142410452468319e-05,8.823124222365734e-05,8.461559079254858e-05,8.063979815898344e-05,7.636685582745228e-05,7.18577717637248e-05,6.716965726064322e-05,6.235427634677888e-05,5.7457059529781457e-05,5.251654800259618e-05,4.756421110568257e-05,4.262456801124732e-05,3.771554221858735e-05,3.284898195855499e-05,2.8031288471038662e-05,2.326410517747109e-05,1.8545032363983627e-05,1.3868342982039496e-05,9.22568487460534e-06,4.6067628053762e-06,-0.0
